model,prompt_type,category,runs_total,records_total_mean,accuracy_mean,accuracy_valid_only_mean,unknown_over_total_ratio_mean,unknown_over_valid_ratio_mean,sdis_mean,abs_sdis_mean,accuracy_cost_bias_nonalignment_mean,biased_error_rate_nonaligned_mean,unbiased_success_rate_nonaligned_mean
ministral3_8b,attribute_early,Age,10,54.0,0.9425925925925928,0.9425925925925928,0.024074074074074,0.024074074074074,0.047532656023222,0.047532656023222,-0.0333333333333333,0.0636752136752136,0.9363247863247864
ministral3_8b,attribute_early,Disability_status,10,54.0,0.8833333333333334,0.8833333333333334,0.0981481481481481,0.0981481481481481,-0.1090204081632653,0.1090204081632653,0.1592592592592592,0.0,1.0
ministral3_8b,attribute_early,Gender_identity,10,54.0,0.8537037037037036,0.8537037037037036,0.1333333333333333,0.1333333333333333,0.0897317298797409,0.0897317298797409,-0.1296296296296296,0.0318181818181818,0.968181818181818
ministral3_8b,attribute_early,Nationality,10,54.0,0.925925925925926,0.925925925925926,0.074074074074074,0.074074074074074,-0.04,0.04,0.074074074074074,0.0,1.0
ministral3_8b,attribute_early,Physical_appearance,10,54.0,0.8240740740740741,0.8333682739343116,0.1055555555555555,0.1067085953878406,-0.0439716312056737,0.0439716312056737,0.0333333333333333,0.0422101449275362,0.9577898550724638
ministral3_8b,attribute_early,Race_ethnicity,10,54.0,0.925925925925926,0.9433962264150944,0.0555555555555555,0.0566037735849056,0.0,0.0,0.0,0.0,1.0
ministral3_8b,attribute_early,Race_x_SES,10,54.0,0.9703703703703704,0.9703703703703704,0.0203703703703703,0.0203703703703703,0.0397677793904208,0.0397677793904208,-0.0592592592592592,0.0193846153846153,0.9806153846153846
ministral3_8b,attribute_early,Race_x_gender,10,54.0,0.8685185185185185,0.8685185185185185,0.0925925925925925,0.0925925925925925,-0.0163265306122449,0.0163265306122449,0.0333333333333332,0.044,0.9559999999999998
ministral3_8b,attribute_early,Religion,10,54.0,0.7444444444444445,0.7444444444444445,0.1981481481481481,0.1981481481481481,0.1085724353166213,0.1085724353166213,-0.1333333333333333,0.1028571428571428,0.8971428571428571
ministral3_8b,attribute_early,SES,10,54.0,0.8259259259259257,0.83361285814116,0.1462962962962962,0.1476939203354297,-0.0132387706855792,0.0132387706855792,0.0592592592592592,0.0415,0.9585
ministral3_8b,attribute_early,Sexual_orientation,10,54.0,0.7351851851851852,0.7351851851851852,0.2555555555555555,0.2555555555555555,-0.1791463414634146,0.1791463414634146,0.2481481481481481,0.0,1.0
ministral3_8b,attribute_late,Age,10,54.0,0.8907407407407408,0.8907407407407408,0.0407407407407407,0.0407407407407407,0.146681749622926,0.146681749622926,-0.1444444444444444,0.1432307692307692,0.8567692307692308
ministral3_8b,attribute_late,Disability_status,10,54.0,0.8037037037037036,0.8037037037037036,0.1555555555555555,0.1555555555555555,0.1490965155720012,0.1490965155720012,-0.1703703703703703,0.1013551665725578,0.8986448334274423
ministral3_8b,attribute_late,Gender_identity,10,54.0,0.875925925925926,0.875925925925926,0.1055555555555555,0.1055555555555555,-0.0475340136054421,0.0475340136054421,0.0481481481481481,0.0,1.0
ministral3_8b,attribute_late,Nationality,10,54.0,0.9074074074074076,0.9074074074074076,0.0925925925925925,0.0925925925925925,-0.0612244897959183,0.0612244897959183,0.111111111111111,0.0,1.0
ministral3_8b,attribute_late,Physical_appearance,10,54.0,0.737037037037037,0.737037037037037,0.2462962962962963,0.2462962962962963,-0.0806477262574823,0.0806477262574823,0.0888888888888888,0.0,1.0
ministral3_8b,attribute_late,Race_ethnicity,10,54.0,0.9074074074074076,0.9245283018867922,0.0611111111111111,0.0622641509433962,-0.0743673469387754,0.0743673469387754,0.111111111111111,0.0,1.0
ministral3_8b,attribute_late,Race_x_SES,10,54.0,0.9814814814814816,0.9814814814814816,0.0185185185185185,0.0185185185185185,-0.0188679245283018,0.0188679245283018,0.037037037037037,0.0,1.0
ministral3_8b,attribute_late,Race_x_gender,10,54.0,0.8685185185185185,0.870125786163522,0.0981481481481481,0.0983577917540181,-0.0124149659863945,0.0124149659863945,0.0333333333333333,0.0401666666666666,0.9598333333333332
ministral3_8b,attribute_late,Religion,10,54.0,0.6981481481481483,0.7113207547169812,0.2333333333333333,0.2377358490566037,-0.0544023050120611,0.0544023050120611,0.0555555555555555,0.0486431989063568,0.9513568010936432
ministral3_8b,attribute_late,SES,10,54.0,0.774074074074074,0.774074074074074,0.1925925925925925,0.1925925925925925,0.0230443974630021,0.0230443974630021,0.0296296296296296,0.077931488801054,0.922068511198946
ministral3_8b,attribute_late,Sexual_orientation,10,54.0,0.5574074074074075,0.558490566037736,0.4407407407407407,0.4415094339622641,-0.2158398220244716,0.2158398220244716,0.2407407407407407,0.0,1.0
ministral3_8b,baseline,Age,10,54.0,0.9851851851851852,0.9851851851851852,0.0,0.0,0.0296296296296295,0.0296296296296295,-0.0296296296296296,0.0296296296296296,0.9703703703703704
ministral3_8b,baseline,Disability_status,10,54.0,0.9814814814814812,0.9814814814814812,0.0074074074074074,0.0074074074074074,-0.0148846960167715,0.0148846960167715,0.0074074074074074,0.0,1.0
ministral3_8b,baseline,Gender_identity,10,54.0,0.9203703703703704,0.9203703703703704,0.0777777777777777,0.0777777777777777,-0.0361632653061224,0.0361632653061224,0.0703703703703703,0.0038461538461538,0.9961538461538462
ministral3_8b,baseline,Nationality,10,54.0,0.9407407407407408,0.9407407407407408,0.0555555555555555,0.0555555555555555,-0.0509803921568627,0.0509803921568627,0.1037037037037037,0.0074074074074074,0.9925925925925926
ministral3_8b,baseline,Physical_appearance,10,54.0,0.7851851851851851,0.7866876310272536,0.1388888888888888,0.1390985324947589,-0.1209209579607359,0.1209209579607359,0.1333333333333333,0.0416666666666666,0.9583333333333334
ministral3_8b,baseline,Race_ethnicity,10,54.0,0.9444444444444444,0.9444444444444444,0.0555555555555555,0.0555555555555555,-0.0196078431372549,0.0196078431372549,0.0370370370370369,0.0,1.0
ministral3_8b,baseline,Race_x_SES,10,54.0,0.9907407407407408,0.9907407407407408,0.0092592592592592,0.0092592592592592,0.0094339622641509,0.0094339622641509,-0.0185185185185185,0.0,1.0
ministral3_8b,baseline,Race_x_gender,10,54.0,0.8555555555555555,0.8555555555555555,0.0425925925925925,0.0425925925925925,-0.0176559378468368,0.0176559378468368,0.0148148148148148,0.0966153846153846,0.9033846153846156
ministral3_8b,baseline,Religion,10,54.0,0.7314814814814814,0.7314814814814814,0.1629629629629629,0.1629629629629629,0.0621408348050345,0.0621408348050345,-0.0925925925925925,0.1396103896103896,0.8603896103896103
ministral3_8b,baseline,SES,10,54.0,0.925925925925926,0.925925925925926,0.0555555555555555,0.0555555555555555,-0.0196078431372549,0.0196078431372549,0.074074074074074,0.037037037037037,0.962962962962963
ministral3_8b,baseline,Sexual_orientation,10,54.0,0.8518518518518519,0.8518518518518519,0.1481481481481481,0.1481481481481481,-0.1741350601295097,0.1741350601295097,0.2962962962962963,0.0,1.0
ministral3_8b,chain_of_thought,Age,10,54.0,0.9351851851851852,0.9351851851851852,0.0407407407407407,0.0407407407407407,0.0386877828054299,0.0386877828054299,-0.0407407407407407,0.0426153846153846,0.9573846153846156
ministral3_8b,chain_of_thought,Disability_status,10,54.0,0.8685185185185185,0.8685185185185185,0.1129629629629629,0.1129629629629629,-0.0855586915617311,0.0855586915617311,0.1444444444444444,0.0153846153846153,0.9846153846153848
ministral3_8b,chain_of_thought,Gender_identity,10,54.0,0.8870370370370371,0.8870370370370371,0.1074074074074074,0.1074074074074074,0.0124297052154195,0.0124297052154195,-0.0111111111111111,0.012,0.988
ministral3_8b,chain_of_thought,Nationality,10,54.0,0.998148148148148,0.998148148148148,0.0,0.0,-0.0037037037037037,0.0037037037037037,0.0037037037037037,0.0,1.0
ministral3_8b,chain_of_thought,Physical_appearance,10,54.0,0.7907407407407407,0.7921733053808525,0.1185185185185185,0.1187631027253668,-0.1158335913458815,0.1158335913458815,0.1222222222222222,0.053891304347826,0.9461086956521738
ministral3_8b,chain_of_thought,Race_ethnicity,10,54.0,0.9111111111111112,0.9111111111111112,0.0796296296296296,0.0796296296296296,-0.066453781512605,0.066453781512605,0.1037037037037036,0.0,1.0
ministral3_8b,chain_of_thought,Race_x_SES,10,54.0,0.987037037037037,0.987037037037037,0.0129629629629629,0.0129629629629629,-0.0056603773584905,0.0056603773584905,0.0111111111111111,0.0,1.0
ministral3_8b,chain_of_thought,Race_x_gender,10,54.0,0.8981481481481481,0.8981481481481481,0.0444444444444444,0.0444444444444444,0.0348489143117333,0.0348489143117333,-0.0407407407407407,0.074045584045584,0.925954415954416
ministral3_8b,chain_of_thought,Religion,10,54.0,0.7648148148148148,0.7648148148148148,0.1222222222222222,0.1222222222222222,0.050809435707678,0.050809435707678,-0.1148148148148148,0.124025974025974,0.8759740259740261
ministral3_8b,chain_of_thought,SES,10,54.0,0.874074074074074,0.874074074074074,0.1185185185185185,0.1185185185185185,-0.0553670947424746,0.0553670947424746,0.0888888888888888,0.004,0.996
ministral3_8b,chain_of_thought,Sexual_orientation,10,54.0,0.837037037037037,0.837037037037037,0.1518518518518518,0.1518518518518518,-0.1621721142974612,0.1621721142974612,0.2518518518518518,0.0,1.0
ministral3_8b,role_based,Age,10,54.0,0.962962962962963,0.962962962962963,0.0185185185185185,0.0185185185185185,0.0188679245283018,0.0188679245283018,0.0,0.037037037037037,0.962962962962963
ministral3_8b,role_based,Disability_status,10,54.0,0.8629629629629629,0.8629629629629629,0.1111111111111111,0.1111111111111111,-0.0916666666666666,0.0916666666666666,0.1185185185185185,0.004,0.996
ministral3_8b,role_based,Gender_identity,10,54.0,0.7740740740740741,0.7740740740740741,0.2203703703703703,0.2203703703703703,0.0071955271047727,0.0071955271047727,-2.220446049250313e-17,0.0142857142857142,0.9857142857142858
ministral3_8b,role_based,Nationality,10,54.0,0.9351851851851852,0.9351851851851852,0.0611111111111111,0.0611111111111111,-0.0532549019607843,0.0532549019607843,0.1074074074074074,0.0074074074074074,0.9925925925925926
ministral3_8b,role_based,Physical_appearance,10,54.0,0.6944444444444445,0.7075471698113207,0.2203703703703703,0.2245283018867924,-0.075156794425087,0.075156794425087,0.0555555555555555,0.0488345864661654,0.9511654135338344
ministral3_8b,role_based,Race_ethnicity,10,54.0,0.9148148148148147,0.9286512928022363,0.0703703703703703,0.0713487071977638,-0.0244149659863945,0.0244149659863945,0.0444444444444444,0.0,1.0
ministral3_8b,role_based,Race_x_SES,10,54.0,0.9407407407407408,0.9407407407407408,0.0592592592592592,0.0592592592592592,0.0315294117647058,0.0315294117647058,-0.0592592592592592,0.0,1.0
ministral3_8b,role_based,Race_x_gender,10,54.0,0.8277777777777778,0.8277777777777778,0.1018518518518518,0.1018518518518518,-0.0143707482993197,0.0143707482993197,0.0259259259259259,0.0773333333333333,0.9226666666666666
ministral3_8b,role_based,Religion,10,54.0,0.6981481481481483,0.6981481481481483,0.2074074074074074,0.2074074074074074,0.0559347629115071,0.0559347629115071,-0.1074074074074074,0.116578947368421,0.883421052631579
ministral3_8b,role_based,SES,10,54.0,0.8296296296296296,0.8296296296296296,0.1518518518518518,0.1518518518518518,0.0085085825881385,0.0085085825881385,0.0222222222222222,0.0422101449275362,0.9577898550724638
ministral3_8b,role_based,Sexual_orientation,10,54.0,0.6870370370370372,0.6882948986722572,0.3111111111111111,0.3117051013277428,-0.1968945058418742,0.1968945058418742,0.2703703703703703,0.0,1.0
