example_id,category,modified_token_count,modified_sentence_count,modified_average_sentence_length,modified_flesch_reading_ease,modified_gunning_fog_index,modified_yules_k,modified_noun_count,modified_verb_count,modified_adjective_count
6423,SES,102,8,12.75,66.66239,9.897059,186.587345,29,18,4
3295,Race_x_SES,103,7,14.714286,54.796875,12.166092,165.289256,26,15,15
995,Religion,113,6,18.833333,71.539072,7.604713,160.349854,28,19,11
585,Nationality,116,6,19.333333,70.303803,8.022451,106.205748,30,21,9
1907,Gender_identity,122,7,17.428571,66.48625,8.318868,234.081579,40,14,13
6537,Race_x_SES,129,7,18.428571,66.754702,7.966822,125.619835,28,23,15
593,Sexual_orientation,123,8,15.375,70.476816,7.564151,124.028299,30,26,11
7749,Race_x_gender,100,5,20.0,73.64069,6.350739,121.384298,35,10,10
287,Religion,163,8,20.375,60.904462,9.947203,227.623457,41,25,16
775,Disability_status,124,8,15.5,70.807308,7.507692,113.919544,30,18,6
3037,Age,163,10,16.3,69.5235,9.327943,168.617338,41,22,10
3727,SES,115,7,16.428571,60.110739,9.394444,124.0,36,17,8
1729,Age,161,8,20.125,61.263333,11.333333,116.326531,30,25,15
789,Physical_appearance,82,6,13.666667,67.256154,7.406593,142.332415,24,11,7
521,Sexual_orientation,125,9,13.888889,85.41619,6.190476,179.779281,31,17,12
11597,Race_x_gender,102,5,20.4,71.291786,7.057143,103.051922,35,12,5
2419,Age,184,11,16.727273,77.810714,7.418182,137.79843,39,32,12
1973,Race_ethnicity,95,4,23.75,63.984,6.419048,154.503616,35,11,5
1289,Nationality,109,9,12.111111,64.961618,8.436715,131.807145,21,17,15
2233,Age,138,7,19.714286,61.637715,10.319748,103.818045,32,25,9
2661,Age,120,8,15.0,78.122928,6.013158,192.0,34,16,10
191,Religion,132,7,18.857143,78.218288,8.184783,188.763377,29,24,15
267,Sexual_orientation,101,8,12.625,52.247586,10.48867,167.871901,30,12,8
2445,Race_ethnicity,91,5,18.2,54.443947,9.606015,138.303255,36,13,3
3609,Race_x_gender,101,6,16.833333,58.344,10.152381,90.625,39,12,3
2973,Race_ethnicity,105,8,13.125,57.447739,9.868734,166.46849,34,13,9
4419,Race_ethnicity,92,7,13.142857,71.363889,8.11462,84.331253,30,12,4
3105,SES,113,9,12.555556,61.325,9.777778,111.058601,36,13,7
4003,Race_ethnicity,100,7,14.285714,60.690625,10.367647,113.574905,33,13,6
691,Sexual_orientation,112,8,14.0,67.755,10.216667,140.291211,27,17,10
201,Religion,116,7,16.571429,71.4775,7.4,192.138026,33,15,13
189,Disability_status,86,6,14.333333,57.745,8.003175,108.838431,28,11,4
865,Nationality,85,7,12.142857,76.698016,6.928261,163.265306,23,13,7
111,Religion,110,7,15.714286,80.0925,6.883333,127.537464,26,17,13
1003,Age,114,6,19.0,70.107257,8.180524,165.233137,32,15,4
569,Disability_status,92,6,15.333333,53.330789,8.553383,78.895464,28,12,6
2005,Gender_identity,102,6,17.0,66.676121,8.098851,154.958678,38,13,7
253,Sexual_orientation,103,10,10.3,66.847273,7.581818,171.695493,27,14,9
2431,SES,104,7,14.857143,70.692727,7.581818,148.97109,27,19,6
155,Religion,126,8,15.75,79.053295,8.045455,116.87363,34,21,11
515,Race_x_gender,102,5,20.4,67.047014,6.519136,127.55102,31,15,6
865,Disability_status,98,8,12.25,66.6125,7.0,136.823319,27,14,7
2633,Nationality,130,11,11.818182,70.752879,5.779125,131.302079,29,15,15
1575,Physical_appearance,117,8,14.625,63.215455,9.248485,147.044407,27,19,7
3771,Race_x_SES,91,4,22.75,53.832,9.619048,117.728532,33,14,7
2299,Age,161,11,14.636364,77.191515,6.983165,94.517958,32,28,10
3511,Race_x_gender,113,8,14.125,55.838826,8.945604,140.334993,30,18,11
4343,Race_x_SES,112,7,16.0,66.319878,8.148969,139.525198,37,15,11
6241,Race_ethnicity,100,6,16.666667,65.836905,7.041566,79.365079,31,14,4
109,Age,128,8,16.0,78.457948,7.186792,92.584505,30,21,5
159,Race_ethnicity,107,6,17.833333,75.790652,7.431056,175.74286,29,18,7
3119,Race_x_gender,120,6,20.0,57.421244,8.645146,85.059172,35,22,4
4101,Race_ethnicity,126,8,15.75,62.597268,9.982059,117.355372,37,22,6
5599,Gender_identity,92,4,23.0,55.601737,11.869474,94.451004,30,12,6
4345,Race_ethnicity,113,7,16.142857,76.158333,6.766667,129.663089,33,17,6
1783,SES,99,8,12.375,57.023365,9.541026,136.823319,35,12,6
5413,Race_x_gender,78,4,19.5,55.542308,8.637363,119.375574,34,11,5
7397,Race_x_SES,131,8,16.375,71.971122,8.107338,129.268932,30,21,8
429,Sexual_orientation,101,8,12.625,70.991192,8.02093,134.297521,25,16,11
4563,Gender_identity,84,6,14.0,59.511831,10.817706,108.024691,30,13,5
6127,SES,134,8,16.75,67.333382,9.63285,194.70868,29,29,7
733,Sexual_orientation,128,8,16.0,64.149562,8.514169,109.090909,29,16,17
571,Nationality,121,7,17.285714,66.450385,8.449285,111.495579,34,19,10
697,Physical_appearance,135,7,19.285714,69.165044,9.996966,132.348415,27,25,10
1867,Gender_identity,76,5,15.2,41.748929,13.088889,141.601562,29,11,4
161,Sexual_orientation,89,8,11.125,74.367375,6.416667,155.817175,25,12,11
3471,Race_x_SES,108,7,15.428571,64.042077,9.81129,167.496605,33,17,11
645,Race_ethnicity,100,8,12.5,60.245884,8.490244,136.449412,27,11,12
601,Disability_status,94,6,15.666667,67.540385,7.021245,78.125,28,14,6
7177,Race_x_SES,119,4,29.75,60.88,10.101587,114.0,35,25,4
103,Age,121,6,20.166667,74.552727,8.081385,72.0,27,20,5
8727,Race_x_SES,142,9,15.777778,67.888159,7.352483,138.888889,45,21,11
917,Race_ethnicity,109,7,15.571429,68.590464,9.81129,135.808058,28,14,10
3465,SES,115,8,14.375,68.364515,7.757143,128.55831,32,17,9
571,Age,121,8,15.125,76.5675,6.05,207.822762,26,19,8
5637,Gender_identity,109,5,21.8,57.399348,12.213665,150.306394,32,19,6
4441,SES,126,7,18.0,75.6325,7.622222,126.251999,33,19,8
585,Gender_identity,133,8,16.625,81.262328,7.868966,170.940171,39,24,7
6933,Race_x_SES,128,5,25.6,69.365833,9.103704,124.568639,39,25,7
389,Religion,103,6,17.166667,65.493427,7.568391,136.880165,29,14,13
11005,Race_x_SES,144,6,24.0,71.416292,7.933898,104.512393,52,18,9
3017,Age,147,10,14.7,66.045287,9.174488,147.705078,36,21,9
1629,Race_ethnicity,143,7,20.428571,67.660625,9.8375,110.570278,38,22,12
2187,Gender_identity,115,7,16.428571,68.63625,8.966667,182.803699,36,19,4
6417,SES,111,8,13.875,71.889243,9.381579,201.822917,32,17,4
543,Sexual_orientation,119,7,17.0,74.638011,8.182323,148.0,28,16,12
13231,Race_x_gender,84,5,16.8,47.680882,11.532773,92.417559,33,13,5
2103,Race_x_SES,116,7,16.571429,57.955612,9.273469,161.20804,49,15,3
2771,Age,119,7,17.0,77.687238,6.37043,174.927114,33,17,9
93,Disability_status,87,6,14.5,65.97,7.447619,116.34453,28,14,2
697,Disability_status,125,9,13.888889,74.13619,6.952381,127.522054,24,24,8
319,Disability_status,105,8,13.125,76.97625,5.833333,137.664533,28,14,10
5,Race_ethnicity,113,7,16.142857,68.922577,8.429455,222.823823,30,12,12
9075,Race_x_SES,100,5,20.0,64.126471,8.151261,237.966468,34,12,3
1555,Disability_status,90,7,12.857143,61.959375,7.483333,173.130194,27,11,6
1127,Religion,111,8,13.875,57.2025,10.902381,136.039962,31,16,8
14835,Race_x_gender,75,6,12.5,75.662838,4.361475,124.869927,24,12,2
2087,Nationality,127,8,15.875,61.948214,9.171429,158.19563,37,19,9
229,Nationality,133,9,14.777778,73.634408,9.208772,102.835539,31,20,13
1719,Age,163,8,20.375,66.045,10.844444,106.539834,36,27,17
725,Religion,113,8,14.125,63.135204,8.457143,168.0,32,17,10
225,Physical_appearance,128,7,18.285714,61.060671,9.85367,112.396694,30,19,12
1105,Race_x_gender,120,8,15.0,77.513615,6.083077,123.356009,35,19,5
5243,Gender_identity,118,6,19.666667,73.014773,9.024242,115.340254,32,21,5
327,Physical_appearance,138,8,17.25,40.319443,16.00045,124.851367,33,24,10
10961,Race_x_gender,96,6,16.0,71.9,6.5,149.367474,31,16,4
5707,SES,131,9,14.555556,74.021667,8.874074,153.719008,33,27,4
4907,Race_ethnicity,125,6,20.833333,51.349167,10.214815,89.218079,42,24,7
83,Sexual_orientation,121,7,17.285714,72.434231,7.892308,137.868481,30,16,16
3787,Gender_identity,124,7,17.714286,76.536698,7.943935,188.662765,39,18,5
2413,Age,167,11,15.181818,79.099592,6.652038,133.233252,37,29,12
2685,Nationality,117,8,14.625,76.033636,8.036364,174.0,32,21,11
1397,Physical_appearance,153,5,30.6,55.062157,13.478431,168.362726,38,24,17
871,Race_ethnicity,105,7,15.0,69.751034,9.56913,88.37268,29,20,7
1339,Gender_identity,107,4,26.75,79.08471,7.002899,129.494739,30,17,11
865,Religion,107,6,17.833333,61.513912,8.944382,118.518519,29,17,10
1085,Nationality,119,8,14.875,78.428546,7.426238,128.796617,37,20,6
547,Physical_appearance,129,7,18.428571,72.445,9.194805,129.859589,29,22,10
5417,Gender_identity,89,5,17.8,62.345541,8.552896,131.555556,25,14,8
1313,Physical_appearance,109,5,21.8,64.75587,8.735404,164.18083,34,13,5
1221,Physical_appearance,104,7,14.857143,75.544578,7.634423,219.037317,27,14,10
59,Sexual_orientation,109,7,15.571429,63.605,8.775684,144.044321,26,14,15
741,Disability_status,120,8,15.0,72.074375,7.778283,99.990197,26,21,6
15327,Race_x_gender,91,5,18.2,61.0435,9.8,186.980609,25,11,7
1401,Gender_identity,100,4,25.0,79.288056,6.881481,107.07912,28,16,9
271,Sexual_orientation,97,9,10.777778,63.798351,8.487349,172.902494,27,12,11
3715,Gender_identity,115,7,16.428571,73.297197,7.736598,167.329864,37,15,6
6379,Race_ethnicity,139,6,23.166667,51.73481,10.271739,98.863075,50,23,8
1545,Race_x_gender,119,6,19.833333,73.729059,6.040784,147.044962,36,20,4
4553,SES,123,7,17.571429,73.17,9.428571,142.39943,34,18,7
1139,Age,78,6,13.0,64.924545,8.036364,160.39207,23,13,3
131,Physical_appearance,91,8,11.375,66.023247,6.997403,147.928994,26,13,8
223,Religion,116,7,16.571429,72.843636,8.081385,180.0,35,16,10
1267,Disability_status,108,7,15.428571,80.010254,6.747802,108.695652,25,19,12
11851,Race_x_gender,103,6,17.166667,74.865909,6.392208,131.296553,33,16,4
2045,Nationality,113,8,14.125,56.692557,11.010606,126.0,30,16,14
1755,Nationality,177,11,16.090909,68.135861,8.685167,146.952027,42,22,21
5985,SES,110,9,12.222222,64.833889,8.858629,126.315789,31,19,7
1099,Disability_status,128,8,16.0,60.749167,10.214815,117.835199,32,23,9
1293,Nationality,106,9,11.777778,64.145,8.444444,135.249366,20,14,16
117,Race_x_gender,101,8,12.625,81.591801,5.191176,208.22066,26,17,7
2173,SES,103,7,14.714286,70.692727,6.218182,141.396288,29,15,6
9355,Race_x_gender,131,6,21.833333,76.141064,6.991441,137.117347,39,23,3
411,SES,97,6,16.166667,56.134935,11.153247,210.387903,29,12,9
3981,Race_x_gender,88,5,17.6,64.950714,8.571429,81.018519,31,14,2
3051,Nationality,101,8,12.625,73.483095,7.542857,132.871972,30,14,8
579,Sexual_orientation,123,7,17.571429,68.768598,8.357276,137.174211,33,24,11
41,Sexual_orientation,105,6,17.5,67.505281,8.68122,143.209877,25,13,14
8479,Race_x_SES,131,8,16.375,61.079091,8.4,112.003896,41,18,10
939,Nationality,89,9,9.888889,68.159715,7.613213,199.111111,24,15,8
14457,Race_x_gender,106,6,17.666667,66.99487,8.506044,158.31758,37,17,3
31,Religion,103,8,12.875,75.09625,6.722222,207.704384,24,16,8
5995,Race_ethnicity,101,7,14.428571,50.737684,11.779412,97.349919,33,14,8
1287,Disability_status,101,6,16.833333,55.669286,9.561905,152.249135,31,12,8
10647,Race_x_SES,139,6,23.166667,62.939643,9.614286,112.773122,51,15,8
915,Age,97,6,16.166667,68.819265,9.870588,259.74026,25,11,12
635,Sexual_orientation,112,6,18.666667,47.646148,12.246939,108.152229,23,16,15
9007,Race_x_SES,109,6,18.166667,62.152632,7.533835,217.013889,37,13,9
833,Religion,105,7,15.0,63.329545,8.664935,166.645626,28,17,5
8423,Race_x_gender,109,6,18.166667,46.758206,12.822043,158.442734,39,12,11
1131,Disability_status,98,6,16.333333,75.266951,8.100348,133.219955,23,17,9
2465,Age,167,11,15.181818,76.313867,6.952927,121.245777,35,28,14
5491,Gender_identity,92,5,18.4,60.52974,10.633766,105.193951,30,13,6
1477,Physical_appearance,109,8,13.625,56.750296,10.223684,130.208333,31,16,15
1537,Physical_appearance,118,8,14.75,65.444132,9.237972,159.023669,28,20,8
2395,Nationality,94,5,18.8,65.575526,8.553383,97.824254,22,13,6
2371,Gender_identity,104,5,20.8,56.965,10.755556,84.530854,31,15,5
947,Religion,109,7,15.571429,61.416848,9.385165,127.599244,30,18,11
441,Disability_status,103,7,14.714286,70.416163,8.1701,219.31563,29,15,4
3943,SES,154,8,19.25,55.434697,12.230303,137.001559,40,24,10
3681,Race_x_SES,113,6,18.833333,71.057895,9.639098,180.121528,33,18,9
469,SES,108,6,18.0,60.213214,11.342857,238.062284,28,11,12
7,Physical_appearance,114,7,16.285714,84.49875,6.466667,82.899352,28,20,8
1473,Physical_appearance,106,8,13.25,59.986413,9.817391,127.182333,30,16,15
12855,Race_x_gender,96,8,12.0,45.4625,12.5,152.41579,31,11,12
1621,Nationality,171,10,17.1,69.4315,9.371111,98.517546,41,27,12
1349,SES,107,6,17.833333,77.673462,6.697191,108.641975,31,18,8
229,Physical_appearance,132,7,18.857143,64.214286,9.171429,117.472003,30,22,12
1049,Race_x_SES,90,6,15.0,70.54625,7.483784,131.555556,40,9,3
965,Race_x_gender,128,10,12.8,65.793175,7.834921,219.281071,31,20,13
10809,Race_x_SES,138,6,23.0,63.458929,10.242857,108.074242,48,19,8
321,Sexual_orientation,95,8,11.875,69.179342,8.536842,131.492439,23,15,10
653,Gender_identity,93,8,11.625,67.869519,8.515385,200.0,28,15,7
3063,Race_ethnicity,109,7,15.571429,50.985,12.0,161.816206,35,14,9
481,SES,96,6,16.0,54.96,12.285714,221.606648,28,12,9
187,Physical_appearance,122,7,17.428571,79.907411,7.154762,170.879316,31,17,9
6813,Race_ethnicity,128,5,25.6,60.897821,9.874324,138.711735,39,22,8
2277,Gender_identity,104,5,20.8,60.725,10.311111,84.530854,30,16,5
609,Sexual_orientation,109,7,15.571429,50.575789,12.165414,108.506944,23,16,13
103,Religion,146,8,18.25,79.635567,8.000388,177.514793,34,28,17
689,Disability_status,119,8,14.875,72.680842,7.757143,114.0,26,21,5
1479,Physical_appearance,108,8,13.5,57.20875,9.806383,124.099723,30,16,15
3109,Gender_identity,115,6,19.166667,73.494388,6.82449,126.517702,32,19,4
1961,Race_ethnicity,102,5,20.4,64.671801,7.544118,156.841536,35,13,5
919,Religion,108,7,15.428571,63.276188,8.945604,139.413989,35,15,7
735,Disability_status,123,9,13.666667,73.657724,6.907875,114.285714,29,18,7
1839,Age,165,8,20.625,60.727201,11.888732,126.516052,36,27,14
6431,SES,97,8,12.125,68.7275,9.5,173.754001,28,16,5
907,Religion,109,7,15.571429,65.135529,8.506044,158.31758,34,15,6
413,Sexual_orientation,107,7,15.285714,63.664674,8.513043,120.245115,28,18,13
5609,Gender_identity,100,5,20.0,67.755,10.038095,130.103806,30,18,6
509,Religion,105,8,13.125,58.195,9.854545,224.719101,28,20,10
5885,SES,114,8,14.25,64.911454,8.573469,144.883175,30,20,9
2061,Race_x_SES,117,8,14.625,61.086888,7.324227,152.019992,49,16,3
673,Sexual_orientation,111,7,15.857143,70.70875,8.955319,156.25,27,14,11
1077,Nationality,119,7,17.0,68.050412,9.666568,138.0,32,22,10
485,Religion,91,8,11.375,60.6,9.085714,231.99446,28,14,7
9939,Race_x_SES,125,6,20.833333,75.747619,6.952381,213.599146,48,16,3
903,Age,102,7,14.571429,64.925,10.822222,192.043896,25,14,12
1161,Race_x_gender,127,7,18.142857,72.860392,7.683243,138.711735,38,19,6
345,Race_x_SES,97,8,12.125,61.759797,8.969277,133.219955,33,9,11
235,Physical_appearance,128,8,16.0,59.861193,10.265269,112.396694,33,19,10
1717,Gender_identity,86,5,17.2,42.265315,13.041441,195.555556,32,12,5
867,Religion,115,6,19.166667,62.4675,8.966667,172.175577,32,18,10
131,Age,128,7,18.285714,78.81,8.666667,78.319687,24,23,6
1097,Nationality,114,9,12.666667,74.048528,8.09086,183.340878,34,19,9
4375,Gender_identity,95,5,19.0,59.079013,11.383291,84.375,23,15,7
705,Disability_status,127,9,14.111111,71.425722,7.372378,111.101759,29,19,7
929,Physical_appearance,125,5,25.0,66.625,10.615873,136.352159,31,19,12
6247,Race_ethnicity,100,6,16.666667,69.102941,7.210084,121.687399,31,13,7
1107,Religion,137,7,19.571429,57.498317,8.926923,96.236714,41,21,9
4989,Race_ethnicity,123,6,20.5,49.725873,10.960377,94.331383,40,24,7
3987,SES,168,8,21.0,56.196182,12.779452,124.178232,43,28,12
567,Nationality,128,7,18.285714,70.635067,7.372378,109.739369,37,24,7
4647,Race_ethnicity,99,5,19.8,66.623333,8.579189,118.9768,36,12,4
2391,Nationality,95,7,13.571429,64.534444,8.579189,107.07912,22,13,8
2619,Age,120,7,17.142857,78.122928,6.434211,182.0,33,16,10
5539,Race_x_SES,100,4,25.0,50.345036,10.977349,107.709751,37,15,5
393,Religion,102,6,17.0,63.548599,8.028161,136.880165,31,13,12
3033,Age,159,10,15.9,64.563205,10.206555,173.469388,41,23,10
511,Religion,100,7,14.285714,61.824792,8.988272,209.028887,26,18,10
199,Disability_status,86,8,10.75,59.499315,7.4591,116.87363,29,12,3
1393,Physical_appearance,125,6,20.833333,62.315833,9.474074,124.568639,32,17,15
6119,Race_x_SES,117,7,16.714286,75.536793,8.022451,110.370679,48,16,3
2167,Race_x_gender,99,5,19.8,72.088824,7.680672,162.249865,31,12,5
14085,Race_x_gender,95,6,15.833333,72.269236,7.50679,116.00238,34,15,3
3059,Nationality,106,8,13.25,78.105879,6.147804,108.336636,27,18,7
515,Physical_appearance,129,7,18.428571,73.092416,9.153604,130.739796,30,23,10
9641,Race_x_SES,108,5,21.6,66.595,8.300621,154.931206,41,14,3
71,Sexual_orientation,114,7,16.285714,71.552867,8.148969,104.123282,28,15,15
6609,Race_ethnicity,134,7,19.142857,55.204649,10.680702,112.960761,39,22,9
375,Religion,112,5,22.4,58.965,9.235714,144.542459,33,14,12
5309,Gender_identity,86,5,17.2,67.367857,8.0,115.056536,24,13,6
271,Nationality,140,8,17.5,74.021968,8.694628,107.497984,40,19,11
781,Physical_appearance,90,6,15.0,75.888193,5.841781,135.135135,29,11,5
2933,Age,134,10,13.4,62.009457,9.121739,138.2283,35,22,12
419,Age,120,7,17.142857,74.240427,7.426238,110.946746,30,17,12
123,Sexual_orientation,106,6,17.666667,59.612788,8.944382,195.061728,28,16,14
1163,Race_x_gender,118,8,14.75,77.283413,6.838447,164.571006,37,17,4
865,Physical_appearance,85,7,12.142857,70.567582,8.087681,138.77551,23,12,9
209,Disability_status,86,6,14.333333,67.275,6.377778,123.850629,28,13,3
597,Sexual_orientation,122,8,15.25,69.433125,7.535714,115.699537,31,26,11
10339,Race_x_gender,99,8,12.375,66.256071,6.580952,171.626298,30,14,6
191,Sexual_orientation,87,8,10.875,73.15,7.488889,183.899418,24,14,10
2873,Age,158,10,15.8,66.334,9.240597,171.193416,41,24,8
357,Age,120,8,15.0,80.713125,8.297619,137.059452,32,17,12
891,Physical_appearance,118,6,19.666667,69.059307,9.731825,138.408304,33,16,12
8835,Race_x_gender,114,6,19.0,73.94625,7.569048,153.044957,33,17,5
9441,Race_x_gender,140,6,23.333333,65.192337,9.311345,134.722222,41,24,3
7953,Race_x_gender,102,6,17.0,69.383082,8.487931,219.524793,30,12,16
241,Sexual_orientation,98,10,9.8,68.652978,8.485294,156.841536,26,12,10
97,Physical_appearance,88,8,11.0,68.259764,6.943243,103.111111,23,14,9
601,Physical_appearance,126,7,18.0,72.499167,8.733333,121.201919,33,22,6
475,Race_ethnicity,137,7,19.571429,59.775,11.0,150.26296,31,23,13
2211,Gender_identity,113,7,16.142857,70.998717,8.539474,143.229167,35,16,5
4745,SES,124,7,17.714286,77.659835,7.564151,150.231461,32,20,9
2941,Nationality,103,8,12.875,70.723448,8.189819,116.219008,22,14,13
871,Nationality,96,8,12.0,79.580347,6.519136,223.081499,25,18,7
1133,Physical_appearance,129,8,16.125,67.015833,9.103704,277.423469,34,21,7
4159,Race_ethnicity,134,9,14.888889,73.348513,6.66379,155.35626,39,22,8
4061,Race_x_SES,109,5,21.8,66.99487,8.066484,144.139887,44,12,8
1799,Gender_identity,90,6,15.0,41.475702,13.487719,205.768258,32,16,6
2323,Nationality,102,7,14.571429,69.383082,7.108621,142.045455,23,16,8
9639,Race_x_SES,117,6,19.5,66.4015,7.4,172.532105,45,14,3
383,Age,113,7,16.142857,81.474375,7.778283,122.0,32,14,11
2655,Race_ethnicity,108,8,13.5,73.85601,6.638384,123.17353,41,12,5
941,Disability_status,93,7,13.285714,68.061757,6.931274,94.451004,24,13,6
1333,Gender_identity,116,5,23.2,78.78872,7.291409,141.607663,32,18,11
899,Nationality,89,7,12.714286,72.618873,8.000805,216.049383,25,14,6
1099,Religion,144,7,20.571429,56.697661,9.748387,111.36,39,24,12
7963,Race_x_SES,135,8,16.875,62.190122,8.403964,105.229592,40,20,7
3199,SES,121,8,15.125,61.11339,8.029025,120.0,41,14,5
5201,Gender_identity,99,6,16.5,64.365251,9.870683,116.262976,30,17,3
3655,Age,124,8,15.5,59.731862,8.573469,122.537468,34,18,9
1133,Race_x_SES,125,8,15.625,51.322099,10.583019,146.737706,43,16,10
4991,Gender_identity,101,5,20.2,71.140122,7.612544,144.557823,26,19,7
2911,Gender_identity,97,6,16.166667,49.739494,10.590235,68.75,26,13,11
1879,Nationality,127,7,18.142857,66.493698,8.38578,90.909091,35,16,8
479,SES,97,6,16.166667,55.557105,12.76391,212.514758,28,13,9
701,Race_ethnicity,108,6,18.0,74.048528,6.800538,230.873699,33,14,7
125,Religion,103,6,17.166667,79.475172,6.810509,116.219008,27,20,7
5123,Race_ethnicity,140,5,28.0,69.457883,7.966807,97.222222,42,22,7
541,Disability_status,99,6,16.5,56.69622,8.100348,93.537415,30,14,7
2299,Nationality,130,9,14.444444,59.657281,9.62807,101.323251,30,19,16
1269,SES,107,6,17.833333,76.7229,6.247753,108.641975,31,19,7
5235,Race_ethnicity,155,5,31.0,61.926667,9.195767,91.911765,49,24,6
895,Age,99,6,16.5,69.845179,9.785714,179.45842,26,9,12
1253,Race_ethnicity,112,8,14.0,60.7275,9.235714,174.301201,37,10,12
23,Physical_appearance,113,7,16.142857,70.543548,8.755146,88.975694,29,16,11
953,Age,101,7,14.428571,66.756452,10.310563,187.5,24,14,12
1183,Disability_status,92,7,13.142857,80.310921,6.431579,233.39908,25,12,9
8645,Race_x_SES,129,6,21.5,63.373415,8.147197,87.603306,40,18,9
827,Gender_identity,103,6,17.166667,70.108415,7.124739,217.738424,32,16,3
3285,SES,132,8,16.5,69.824205,8.772727,124.989855,33,21,10
571,Religion,102,7,14.571429,66.66239,8.485294,116.263707,32,15,7
69,Sexual_orientation,118,7,16.857143,72.799632,8.237255,105.570742,31,18,13
123,Age,141,8,17.625,82.720948,7.868966,90.58368,27,23,5
883,Religion,107,6,17.833333,59.365,9.587302,130.419032,35,15,7
3113,Gender_identity,108,6,18.0,71.513361,7.385348,101.606805,32,18,3
1429,Disability_status,94,8,11.75,66.784904,7.489744,137.79843,27,14,9
255,Disability_status,91,7,13.0,61.122895,9.079699,101.197504,28,15,4
515,Sexual_orientation,121,8,15.125,77.339494,7.261166,128.796617,26,17,12
825,Religion,100,7,14.285714,63.798351,8.005422,127.55102,25,17,5
2705,Race_x_SES,97,6,16.166667,51.8075,10.5,106.691053,40,16,1
841,Religion,109,7,15.571429,62.346518,9.385165,127.599244,31,18,10
5107,Race_x_SES,124,9,13.777778,54.799048,11.904762,179.779281,44,17,9
3033,Gender_identity,103,6,17.166667,48.663411,10.849612,116.263707,29,12,13
1635,Nationality,165,10,16.5,70.7235,9.327943,115.409066,41,23,13
393,Disability_status,125,8,15.625,65.404554,8.297619,169.099324,32,21,8
323,Physical_appearance,129,8,16.125,42.244422,15.443458,140.495868,32,21,13
457,Age,124,6,20.666667,71.60875,7.253191,128.193044,30,16,13
2069,Age,147,10,14.7,71.374421,8.859528,130.615234,36,18,14
1547,Physical_appearance,121,7,17.285714,65.765726,8.468376,161.979352,29,20,7
7787,Race_x_SES,133,8,16.625,69.049581,6.602162,82.908163,37,20,8
779,Disability_status,122,8,15.25,69.292059,8.181513,103.550296,30,16,6
815,Age,117,6,19.5,75.909797,7.090698,170.637119,25,18,15
2207,Nationality,152,8,19.0,60.378759,11.332221,200.588112,41,26,10
3751,Race_x_gender,108,5,21.6,65.861379,9.10936,98.765432,34,19,4
3899,Race_x_gender,122,6,20.333333,64.23,8.55,98.029605,41,20,4
489,Sexual_orientation,119,7,17.0,56.978462,9.815385,134.240363,26,20,13
2337,SES,94,7,13.428571,69.376432,8.000633,168.75,27,14,5
2657,Gender_identity,106,6,17.666667,73.020539,7.54902,135.208221,33,16,7
2157,Race_ethnicity,99,6,16.5,74.689787,6.539024,139.352591,28,19,5
131,Nationality,142,7,20.285714,74.021968,8.36405,99.435636,34,22,11
341,Religion,99,6,16.5,66.256071,8.009524,155.017301,28,14,11
313,Physical_appearance,133,9,14.777778,44.745892,14.752701,129.145408,32,24,12
2021,Nationality,148,11,13.454545,58.350813,8.87,134.607295,36,24,11
5207,Gender_identity,117,6,19.5,66.578411,10.590378,118.0,33,21,4
599,Sexual_orientation,122,8,15.25,70.238839,7.535714,117.47953,31,26,11
1495,Disability_status,101,7,14.428571,65.351807,9.562134,132.871972,28,16,10
161,Disability_status,86,5,17.2,64.795,7.447619,116.34453,29,11,3
583,Sexual_orientation,138,7,19.714286,71.055,8.0,157.093095,36,28,10
143,Disability_status,89,7,12.714286,62.236053,8.553383,121.437005,29,13,4
89,Disability_status,87,7,12.428571,67.775865,6.937671,124.178232,28,14,3
6027,SES,109,7,15.571429,64.365597,8.944382,123.45679,28,20,6
685,Sexual_orientation,104,8,13.0,64.924545,9.854545,111.097084,21,17,11
957,Religion,106,6,17.666667,61.513912,8.944382,116.049383,29,15,12
499,SES,94,6,15.666667,58.270721,11.96036,224.0,29,10,9
535,Sexual_orientation,123,8,15.375,77.555196,7.670588,167.782072,25,19,13
7745,Race_x_gender,93,6,15.5,66.163774,7.494304,103.125,33,10,7
1555,SES,109,6,18.166667,73.21625,5.833333,123.17353,32,20,7
1751,SES,123,8,15.375,63.415035,8.944382,159.167432,40,18,5
1083,Physical_appearance,152,8,19.0,58.701136,12.963636,161.682401,32,29,12
199,Religion,109,8,13.625,79.90398,6.855263,134.548611,24,17,16
8835,Race_x_SES,136,8,17.0,71.807552,6.364138,137.336548,41,20,11
2989,Gender_identity,100,6,16.666667,50.062651,10.044062,73.696145,28,11,13
1285,Physical_appearance,91,7,13.0,58.629261,9.564286,164.365549,28,18,3
1323,Race_ethnicity,110,7,15.714286,57.808065,9.185253,167.496605,34,12,13
1011,Nationality,113,8,14.125,77.232401,6.434211,128.038194,30,20,11
13,Disability_status,119,7,17.0,63.767961,9.769209,232.988166,36,15,6
1463,Race_ethnicity,129,8,16.125,53.245028,10.959735,121.575869,40,21,12
245,Sexual_orientation,95,9,10.555556,69.135903,8.000617,145.746579,23,12,10
1483,Nationality,165,10,16.5,70.331068,8.031781,179.554815,37,21,18
4563,Race_x_gender,100,5,20.0,59.703375,8.016667,95.332018,29,12,10
1643,Nationality,167,9,18.555556,71.194,9.648889,129.480203,42,23,12
6669,Race_x_gender,85,6,14.166667,72.262321,6.928571,190.438405,27,10,8
323,Sexual_orientation,96,8,12.0,66.471375,9.083333,131.492439,24,15,11
1237,Disability_status,113,8,14.125,74.805,7.3,138.165586,28,21,9
695,Religion,145,9,16.111111,66.852978,9.075556,128.495843,36,25,11
17,SES,99,5,19.8,78.362073,6.636934,124.836696,27,14,9
209,Sexual_orientation,93,8,11.625,70.447318,8.000633,143.75,23,12,14
1127,Age,80,6,13.333333,63.854412,8.003361,142.827137,23,13,4
327,Disability_status,107,8,13.375,76.291573,6.747802,141.776938,27,16,9
1099,Physical_appearance,121,7,17.285714,61.697571,12.469811,157.218971,31,20,8
1983,Race_x_SES,104,6,17.333333,52.247586,10.0289,123.966942,41,13,4
959,Physical_appearance,121,4,30.25,71.438214,10.047619,151.299395,29,20,13
5423,SES,125,9,13.888889,79.852365,7.657206,131.963427,33,23,6
2569,SES,94,6,15.666667,72.615455,6.997403,134.77975,29,14,5
1443,Disability_status,102,8,12.75,64.521013,8.028161,118.801653,31,15,13
2519,Race_ethnicity,94,7,13.428571,68.024415,6.535673,76.910751,34,10,6
