model,prompt_type,category,n_runs,n_records_mean,n_records_std,n_records_min,n_records_max,n_valid_mean,n_valid_std,n_valid_min,n_valid_max,n_invalid_mean,n_invalid_std,n_invalid_min,n_invalid_max,n_unknown_mean,n_unknown_std,n_unknown_min,n_unknown_max,n_target_mean,n_target_std,n_target_min,n_target_max,n_non_target_mean,n_non_target_std,n_non_target_min,n_non_target_max,valid_rate_mean,valid_rate_std,valid_rate_min,valid_rate_max,invalid_rate_mean,invalid_rate_std,invalid_rate_min,invalid_rate_max,unknown_rate_total_mean,unknown_rate_total_std,unknown_rate_total_min,unknown_rate_total_max,unknown_rate_valid_only_mean,unknown_rate_valid_only_std,unknown_rate_valid_only_min,unknown_rate_valid_only_max,target_rate_total_mean,target_rate_total_std,target_rate_total_min,target_rate_total_max,non_target_rate_total_mean,non_target_rate_total_std,non_target_rate_total_min,non_target_rate_total_max,accuracy_mean,accuracy_std,accuracy_min,accuracy_max,accuracy_valid_only_mean,accuracy_valid_only_std,accuracy_valid_only_min,accuracy_valid_only_max,n_fairness_ready_mean,n_fairness_ready_std,n_fairness_ready_min,n_fairness_ready_max,n_fairness_predictions_mean,n_fairness_predictions_std,n_fairness_predictions_min,n_fairness_predictions_max,n_aligned_mean,n_aligned_std,n_aligned_min,n_aligned_max,n_nonaligned_mean,n_nonaligned_std,n_nonaligned_min,n_nonaligned_max,accuracy_aligned_mean,accuracy_aligned_std,accuracy_aligned_min,accuracy_aligned_max,accuracy_nonaligned_mean,accuracy_nonaligned_std,accuracy_nonaligned_min,accuracy_nonaligned_max,accuracy_cost_bias_nonalignment_mean,accuracy_cost_bias_nonalignment_std,accuracy_cost_bias_nonalignment_min,accuracy_cost_bias_nonalignment_max,n_biased_mean,n_biased_std,n_biased_min,n_biased_max,n_anti_biased_mean,n_anti_biased_std,n_anti_biased_min,n_anti_biased_max,biased_answer_rate_mean,biased_answer_rate_std,biased_answer_rate_min,biased_answer_rate_max,anti_biased_answer_rate_mean,anti_biased_answer_rate_std,anti_biased_answer_rate_min,anti_biased_answer_rate_max,sdis_mean,sdis_std,sdis_min,sdis_max
llama3.1_8b,attribute_early,Age,3,35.0,0.0,35,35,35.0,0.0,35,35,0.0,0.0,0,0,2.0,0.0,2,2,16.333333333333332,0.5773502691896258,16,17,16.666666666666668,0.5773502691896258,16,17,1.0,0.0,1.0,1.0,0.0,0.0,0.0,0.0,0.05714285714285714,0.0,0.05714285714285714,0.05714285714285714,0.05714285714285714,0.0,0.05714285714285714,0.05714285714285714,0.4666666666666666,0.016495721976846456,0.45714285714285713,0.4857142857142857,0.4761904761904762,0.016495721976846456,0.45714285714285713,0.4857142857142857,0.7047619047619048,0.016495721976846456,0.6857142857142857,0.7142857142857143,0.7047619047619048,0.016495721976846456,0.6857142857142857,0.7142857142857143,35.0,0.0,35,35,33.0,0.0,33,33,21.0,0.0,21,21,14.0,0.0,14,14,0.6507936507936507,0.027492869961410718,0.6190476190476191,0.6666666666666666,0.7857142857142857,0.0,0.7857142857142857,0.7857142857142857,0.1349206349206349,0.027492869961410715,0.11904761904761907,0.16666666666666663,15.666666666666666,0.5773502691896257,15,16,17.333333333333332,0.5773502691896258,17,18,0.47474747474747475,0.017495462702715948,0.45454545454545453,0.48484848484848486,0.5252525252525252,0.017495462702715917,0.5151515151515151,0.5454545454545454,-0.0505050505050505,0.034990925405431896,-0.09090909090909094,-0.030303030303030276
llama3.1_8b,attribute_late,Age,3,35.0,0.0,35,35,35.0,0.0,35,35,0.0,0.0,0,0,2.0,0.0,2,2,16.0,0.0,16,16,17.0,0.0,17,17,1.0,0.0,1.0,1.0,0.0,0.0,0.0,0.0,0.05714285714285714,0.0,0.05714285714285714,0.05714285714285714,0.05714285714285714,0.0,0.05714285714285714,0.05714285714285714,0.45714285714285713,0.0,0.45714285714285713,0.45714285714285713,0.4857142857142857,0.0,0.4857142857142857,0.4857142857142857,0.6,0.0,0.6,0.6,0.6,0.0,0.6,0.6,35.0,0.0,35,35,33.0,0.0,33,33,21.0,0.0,21,21,14.0,0.0,14,14,0.5714285714285714,0.0,0.5714285714285714,0.5714285714285714,0.6428571428571429,0.0,0.6428571428571429,0.6428571428571429,0.07142857142857151,0.0,0.07142857142857151,0.07142857142857151,17.0,0.0,17,17,16.0,0.0,16,16,0.5151515151515151,0.0,0.5151515151515151,0.5151515151515151,0.48484848484848486,0.0,0.48484848484848486,0.48484848484848486,0.030303030303030276,0.0,0.030303030303030276,0.030303030303030276
llama3.1_8b,baseline,Age,3,35.0,0.0,35,35,35.0,0.0,35,35,0.0,0.0,0,0,3.0,0.0,3,3,15.0,0.0,15,15,17.0,0.0,17,17,1.0,0.0,1.0,1.0,0.0,0.0,0.0,0.0,0.0857142857142857,1.6996749443881478e-17,0.08571428571428572,0.08571428571428572,0.0857142857142857,1.6996749443881478e-17,0.08571428571428572,0.08571428571428572,0.42857142857142855,0.0,0.42857142857142855,0.42857142857142855,0.4857142857142857,0.0,0.4857142857142857,0.4857142857142857,0.6857142857142856,1.3597399555105182e-16,0.6857142857142857,0.6857142857142857,0.6857142857142856,1.3597399555105182e-16,0.6857142857142857,0.6857142857142857,35.0,0.0,35,35,32.0,0.0,32,32,21.0,0.0,21,21,14.0,0.0,14,14,0.6666666666666666,0.0,0.6666666666666666,0.6666666666666666,0.7142857142857143,0.0,0.7142857142857143,0.7142857142857143,0.04761904761904767,0.0,0.04761904761904767,0.04761904761904767,16.0,0.0,16,16,16.0,0.0,16,16,0.5,0.0,0.5,0.5,0.5,0.0,0.5,0.5,0.0,0.0,0.0,0.0
llama3.1_8b,chain_of_thought,Age,3,35.0,0.0,35,35,35.0,0.0,35,35,0.0,0.0,0,0,1.0,0.0,1,1,11.0,0.0,11,11,23.0,0.0,23,23,1.0,0.0,1.0,1.0,0.0,0.0,0.0,0.0,0.02857142857142857,0.0,0.02857142857142857,0.02857142857142857,0.02857142857142857,0.0,0.02857142857142857,0.02857142857142857,0.3142857142857143,0.0,0.3142857142857143,0.3142857142857143,0.6571428571428571,0.0,0.6571428571428571,0.6571428571428571,0.9428571428571427,1.3597399555105182e-16,0.9428571428571428,0.9428571428571428,0.9428571428571427,1.3597399555105182e-16,0.9428571428571428,0.9428571428571428,35.0,0.0,35,35,34.0,0.0,34,34,21.0,0.0,21,21,14.0,0.0,14,14,1.0,0.0,1.0,1.0,0.8571428571428571,0.0,0.8571428571428571,0.8571428571428571,-0.1428571428571429,0.0,-0.1428571428571429,-0.1428571428571429,22.0,0.0,22,22,12.0,0.0,12,12,0.6470588235294118,0.0,0.6470588235294118,0.6470588235294118,0.35294117647058826,0.0,0.35294117647058826,0.35294117647058826,0.2941176470588236,0.0,0.2941176470588236,0.2941176470588236
llama3.1_8b,role_based,Age,3,35.0,0.0,35,35,35.0,0.0,35,35,0.0,0.0,0,0,5.0,0.0,5,5,11.0,0.0,11,11,19.0,0.0,19,19,1.0,0.0,1.0,1.0,0.0,0.0,0.0,0.0,0.14285714285714285,0.0,0.14285714285714285,0.14285714285714285,0.14285714285714285,0.0,0.14285714285714285,0.14285714285714285,0.3142857142857143,0.0,0.3142857142857143,0.3142857142857143,0.5428571428571428,0.0,0.5428571428571428,0.5428571428571428,0.8285714285714286,0.0,0.8285714285714286,0.8285714285714286,0.8285714285714286,0.0,0.8285714285714286,0.8285714285714286,35.0,0.0,35,35,30.0,0.0,30,30,21.0,0.0,21,21,14.0,0.0,14,14,0.8095238095238096,1.3597399555105182e-16,0.8095238095238095,0.8095238095238095,0.8571428571428571,0.0,0.8571428571428571,0.8571428571428571,0.04761904761904756,0.0,0.04761904761904756,0.04761904761904756,18.0,0.0,18,18,12.0,0.0,12,12,0.6,0.0,0.6,0.6,0.4000000000000001,6.798699777552591e-17,0.4,0.4,0.19999999999999996,0.0,0.19999999999999996,0.19999999999999996
llama3.1_8b,attribute_early,Disability_status,3,35.0,0.0,35,35,35.0,0.0,35,35,0.0,0.0,0,0,1.0,0.0,1,1,24.0,0.0,24,24,10.0,0.0,10,10,1.0,0.0,1.0,1.0,0.0,0.0,0.0,0.0,0.02857142857142857,0.0,0.02857142857142857,0.02857142857142857,0.02857142857142857,0.0,0.02857142857142857,0.02857142857142857,0.6857142857142856,1.3597399555105182e-16,0.6857142857142857,0.6857142857142857,0.2857142857142857,0.0,0.2857142857142857,0.2857142857142857,0.8285714285714286,0.0,0.8285714285714286,0.8285714285714286,0.8285714285714286,0.0,0.8285714285714286,0.8285714285714286,35.0,0.0,35,35,34.0,0.0,34,34,19.0,0.0,19,19,16.0,0.0,16,16,0.8947368421052632,0.0,0.8947368421052632,0.8947368421052632,0.75,0.0,0.75,0.75,-0.14473684210526316,0.0,-0.14473684210526316,-0.14473684210526316,21.0,0.0,21,21,13.0,0.0,13,13,0.6176470588235294,0.0,0.6176470588235294,0.6176470588235294,0.38235294117647056,0.0,0.38235294117647056,0.38235294117647056,0.23529411764705888,0.0,0.23529411764705888,0.23529411764705888
llama3.1_8b,attribute_late,Disability_status,3,35.0,0.0,35,35,35.0,0.0,35,35,0.0,0.0,0,0,2.0,0.0,2,2,24.0,0.0,24,24,9.0,0.0,9,9,1.0,0.0,1.0,1.0,0.0,0.0,0.0,0.0,0.05714285714285714,0.0,0.05714285714285714,0.05714285714285714,0.05714285714285714,0.0,0.05714285714285714,0.05714285714285714,0.6857142857142856,1.3597399555105182e-16,0.6857142857142857,0.6857142857142857,0.2571428571428571,0.0,0.2571428571428571,0.2571428571428571,0.7142857142857143,0.0,0.7142857142857143,0.7142857142857143,0.7142857142857143,0.0,0.7142857142857143,0.7142857142857143,35.0,0.0,35,35,33.0,0.0,33,33,19.0,0.0,19,19,16.0,0.0,16,16,0.8421052631578947,0.0,0.8421052631578947,0.8421052631578947,0.5625,0.0,0.5625,0.5625,-0.2796052631578947,0.0,-0.2796052631578947,-0.2796052631578947,22.0,0.0,22,22,11.0,0.0,11,11,0.6666666666666666,0.0,0.6666666666666666,0.6666666666666666,0.3333333333333333,0.0,0.3333333333333333,0.3333333333333333,0.33333333333333326,0.0,0.33333333333333326,0.33333333333333326
llama3.1_8b,baseline,Disability_status,3,35.0,0.0,35,35,35.0,0.0,35,35,0.0,0.0,0,0,1.0,0.0,1,1,22.0,0.0,22,22,12.0,0.0,12,12,1.0,0.0,1.0,1.0,0.0,0.0,0.0,0.0,0.02857142857142857,0.0,0.02857142857142857,0.02857142857142857,0.02857142857142857,0.0,0.02857142857142857,0.02857142857142857,0.6285714285714286,0.0,0.6285714285714286,0.6285714285714286,0.3428571428571428,6.798699777552591e-17,0.34285714285714286,0.34285714285714286,0.8285714285714286,0.0,0.8285714285714286,0.8285714285714286,0.8285714285714286,0.0,0.8285714285714286,0.8285714285714286,35.0,0.0,35,35,34.0,0.0,34,34,19.0,0.0,19,19,16.0,0.0,16,16,0.8421052631578947,0.0,0.8421052631578947,0.8421052631578947,0.8125,0.0,0.8125,0.8125,-0.02960526315789469,0.0,-0.02960526315789469,-0.02960526315789469,19.0,0.0,19,19,15.0,0.0,15,15,0.5588235294117647,0.0,0.5588235294117647,0.5588235294117647,0.4411764705882353,0.0,0.4411764705882353,0.4411764705882353,0.11764705882352944,0.0,0.11764705882352944,0.11764705882352944
llama3.1_8b,chain_of_thought,Disability_status,3,35.0,0.0,35,35,35.0,0.0,35,35,0.0,0.0,0,0,1.0,0.0,1,1,20.0,0.0,20,20,14.0,0.0,14,14,1.0,0.0,1.0,1.0,0.0,0.0,0.0,0.0,0.02857142857142857,0.0,0.02857142857142857,0.02857142857142857,0.02857142857142857,0.0,0.02857142857142857,0.02857142857142857,0.5714285714285714,0.0,0.5714285714285714,0.5714285714285714,0.4000000000000001,6.798699777552591e-17,0.4,0.4,0.9428571428571427,1.3597399555105182e-16,0.9428571428571428,0.9428571428571428,0.9428571428571427,1.3597399555105182e-16,0.9428571428571428,0.9428571428571428,35.0,0.0,35,35,34.0,0.0,34,34,19.0,0.0,19,19,16.0,0.0,16,16,0.9473684210526315,0.0,0.9473684210526315,0.9473684210526315,0.9375,0.0,0.9375,0.9375,-0.009868421052631526,0.0,-0.009868421052631526,-0.009868421052631526,19.0,0.0,19,19,15.0,0.0,15,15,0.5588235294117647,0.0,0.5588235294117647,0.5588235294117647,0.4411764705882353,0.0,0.4411764705882353,0.4411764705882353,0.11764705882352944,0.0,0.11764705882352944,0.11764705882352944
llama3.1_8b,role_based,Disability_status,3,35.0,0.0,35,35,35.0,0.0,35,35,0.0,0.0,0,0,1.0,0.0,1,1,20.0,0.0,20,20,14.0,0.0,14,14,1.0,0.0,1.0,1.0,0.0,0.0,0.0,0.0,0.02857142857142857,0.0,0.02857142857142857,0.02857142857142857,0.02857142857142857,0.0,0.02857142857142857,0.02857142857142857,0.5714285714285714,0.0,0.5714285714285714,0.5714285714285714,0.4000000000000001,6.798699777552591e-17,0.4,0.4,0.9142857142857143,0.0,0.9142857142857143,0.9142857142857143,0.9142857142857143,0.0,0.9142857142857143,0.9142857142857143,35.0,0.0,35,35,34.0,0.0,34,34,19.0,0.0,19,19,16.0,0.0,16,16,0.9473684210526315,0.0,0.9473684210526315,0.9473684210526315,0.875,0.0,0.875,0.875,-0.07236842105263153,0.0,-0.07236842105263153,-0.07236842105263153,20.0,0.0,20,20,14.0,0.0,14,14,0.5882352941176471,0.0,0.5882352941176471,0.5882352941176471,0.411764705882353,6.798699777552591e-17,0.4117647058823529,0.4117647058823529,0.17647058823529416,0.0,0.17647058823529416,0.17647058823529416
llama3.1_8b,attribute_early,Gender_identity,3,35.0,0.0,35,35,34.0,0.0,34,34,1.0,0.0,1,1,3.0,0.0,3,3,13.0,0.0,13,13,18.0,0.0,18,18,0.9714285714285714,0.0,0.9714285714285714,0.9714285714285714,0.02857142857142857,0.0,0.02857142857142857,0.02857142857142857,0.0857142857142857,1.6996749443881478e-17,0.08571428571428572,0.08571428571428572,0.08823529411764706,0.0,0.08823529411764706,0.08823529411764706,0.37142857142857144,0.0,0.37142857142857144,0.37142857142857144,0.5142857142857142,0.0,0.5142857142857142,0.5142857142857142,0.8285714285714286,0.0,0.8285714285714286,0.8285714285714286,0.8529411764705882,0.0,0.8529411764705882,0.8529411764705882,35.0,0.0,35,35,31.0,0.0,31,31,15.0,0.0,15,15,20.0,0.0,20,20,0.6666666666666666,0.0,0.6666666666666666,0.6666666666666666,0.9499999999999998,1.3597399555105182e-16,0.95,0.95,0.2833333333333333,0.0,0.2833333333333333,0.2833333333333333,10.0,0.0,10,10,21.0,0.0,21,21,0.3225806451612903,0.0,0.3225806451612903,0.3225806451612903,0.6774193548387096,0.0,0.6774193548387096,0.6774193548387096,-0.3548387096774193,6.798699777552591e-17,-0.3548387096774194,-0.3548387096774194
llama3.1_8b,attribute_late,Gender_identity,3,35.0,0.0,35,35,35.0,0.0,35,35,0.0,0.0,0,0,3.0,0.0,3,3,15.0,0.0,15,15,17.0,0.0,17,17,1.0,0.0,1.0,1.0,0.0,0.0,0.0,0.0,0.0857142857142857,1.6996749443881478e-17,0.08571428571428572,0.08571428571428572,0.0857142857142857,1.6996749443881478e-17,0.08571428571428572,0.08571428571428572,0.42857142857142855,0.0,0.42857142857142855,0.42857142857142855,0.4857142857142857,0.0,0.4857142857142857,0.4857142857142857,0.8857142857142857,0.0,0.8857142857142857,0.8857142857142857,0.8857142857142857,0.0,0.8857142857142857,0.8857142857142857,35.0,0.0,35,35,32.0,0.0,32,32,15.0,0.0,15,15,20.0,0.0,20,20,0.8000000000000002,1.3597399555105182e-16,0.8,0.8,0.9499999999999998,1.3597399555105182e-16,0.95,0.95,0.1499999999999999,0.0,0.1499999999999999,0.1499999999999999,12.0,0.0,12,12,20.0,0.0,20,20,0.375,0.0,0.375,0.375,0.625,0.0,0.625,0.625,-0.25,0.0,-0.25,-0.25
llama3.1_8b,baseline,Gender_identity,3,35.0,0.0,35,35,35.0,0.0,35,35,0.0,0.0,0,0,4.0,0.0,4,4,12.0,0.0,12,12,19.0,0.0,19,19,1.0,0.0,1.0,1.0,0.0,0.0,0.0,0.0,0.11428571428571428,0.0,0.11428571428571428,0.11428571428571428,0.11428571428571428,0.0,0.11428571428571428,0.11428571428571428,0.3428571428571428,6.798699777552591e-17,0.34285714285714286,0.34285714285714286,0.5428571428571428,0.0,0.5428571428571428,0.5428571428571428,0.8000000000000002,1.3597399555105182e-16,0.8,0.8,0.8000000000000002,1.3597399555105182e-16,0.8,0.8,35.0,0.0,35,35,31.0,0.0,31,31,15.0,0.0,15,15,20.0,0.0,20,20,0.6,0.0,0.6,0.6,0.9499999999999998,1.3597399555105182e-16,0.95,0.95,0.3499999999999999,6.798699777552591e-17,0.35,0.35,10.0,0.0,10,10,21.0,0.0,21,21,0.3225806451612903,0.0,0.3225806451612903,0.3225806451612903,0.6774193548387096,0.0,0.6774193548387096,0.6774193548387096,-0.3548387096774193,6.798699777552591e-17,-0.3548387096774194,-0.3548387096774194
llama3.1_8b,chain_of_thought,Gender_identity,3,35.0,0.0,35,35,35.0,0.0,35,35,0.0,0.0,0,0,2.0,0.0,2,2,15.0,0.0,15,15,18.0,0.0,18,18,1.0,0.0,1.0,1.0,0.0,0.0,0.0,0.0,0.05714285714285714,0.0,0.05714285714285714,0.05714285714285714,0.05714285714285714,0.0,0.05714285714285714,0.05714285714285714,0.42857142857142855,0.0,0.42857142857142855,0.42857142857142855,0.5142857142857142,0.0,0.5142857142857142,0.5142857142857142,0.9142857142857143,0.0,0.9142857142857143,0.9142857142857143,0.9142857142857143,0.0,0.9142857142857143,0.9142857142857143,35.0,0.0,35,35,33.0,0.0,33,33,15.0,0.0,15,15,20.0,0.0,20,20,0.8666666666666667,0.0,0.8666666666666667,0.8666666666666667,0.9499999999999998,1.3597399555105182e-16,0.95,0.95,0.08333333333333326,0.0,0.08333333333333326,0.08333333333333326,14.0,0.0,14,14,19.0,0.0,19,19,0.42424242424242425,0.0,0.42424242424242425,0.42424242424242425,0.5757575757575758,0.0,0.5757575757575758,0.5757575757575758,-0.1515151515151515,0.0,-0.1515151515151515,-0.1515151515151515
llama3.1_8b,role_based,Gender_identity,3,35.0,0.0,35,35,34.0,0.0,34,34,1.0,0.0,1,1,5.0,0.0,5,5,15.0,0.0,15,15,14.0,0.0,14,14,0.9714285714285714,0.0,0.9714285714285714,0.9714285714285714,0.02857142857142857,0.0,0.02857142857142857,0.02857142857142857,0.14285714285714285,0.0,0.14285714285714285,0.14285714285714285,0.14705882352941177,0.0,0.14705882352941177,0.14705882352941177,0.42857142857142855,0.0,0.42857142857142855,0.42857142857142855,0.4000000000000001,6.798699777552591e-17,0.4,0.4,0.8000000000000002,1.3597399555105182e-16,0.8,0.8,0.823529411764706,1.3597399555105182e-16,0.8235294117647058,0.8235294117647058,35.0,0.0,35,35,29.0,0.0,29,29,15.0,0.0,15,15,20.0,0.0,20,20,0.7333333333333333,0.0,0.7333333333333333,0.7333333333333333,0.85,0.0,0.85,0.85,0.1166666666666667,0.0,0.1166666666666667,0.1166666666666667,12.0,0.0,12,12,17.0,0.0,17,17,0.41379310344827586,0.0,0.41379310344827586,0.41379310344827586,0.5862068965517241,0.0,0.5862068965517241,0.5862068965517241,-0.1724137931034483,0.0,-0.1724137931034483,-0.1724137931034483
llama3.1_8b,attribute_early,Nationality,3,35.0,0.0,35,35,31.666666666666668,0.5773502691896258,31,32,3.3333333333333335,0.5773502691896258,3,4,0.0,0.0,0,0,18.0,0.0,18,18,13.666666666666666,0.5773502691896257,13,14,0.9047619047619047,0.016495721976846456,0.8857142857142857,0.9142857142857143,0.09523809523809523,0.01649572197684645,0.08571428571428572,0.11428571428571428,0.0,0.0,0.0,0.0,0.0,0.0,0.0,0.0,0.5142857142857142,0.0,0.5142857142857142,0.5142857142857142,0.3904761904761905,0.016495721976846456,0.37142857142857144,0.4,0.8476190476190476,0.01649572197684639,0.8285714285714286,0.8571428571428571,0.9368279569892474,0.0011640126394952444,0.9354838709677419,0.9375,35.0,0.0,35,35,31.666666666666668,0.5773502691896258,31,32,16.0,0.0,16,16,19.0,0.0,19,19,0.8125,0.0,0.8125,0.8125,0.8771929824561404,0.030386856273138228,0.8421052631578947,0.8947368421052632,0.06469298245614034,0.03038685627313823,0.02960526315789469,0.08223684210526316,14.0,0.0,14,14,17.666666666666668,0.5773502691896258,17,18,0.4422043010752688,0.008148088476466486,0.4375,0.45161290322580644,0.5577956989247311,0.008148088476466519,0.5483870967741935,0.5625,-0.11559139784946237,0.01629617695293297,-0.125,-0.09677419354838712
llama3.1_8b,attribute_late,Nationality,3,35.0,0.0,35,35,34.0,0.0,34,34,1.0,0.0,1,1,3.0,0.0,3,3,17.0,0.0,17,17,14.0,0.0,14,14,0.9714285714285714,0.0,0.9714285714285714,0.9714285714285714,0.02857142857142857,0.0,0.02857142857142857,0.02857142857142857,0.0857142857142857,1.6996749443881478e-17,0.08571428571428572,0.08571428571428572,0.08823529411764706,0.0,0.08823529411764706,0.08823529411764706,0.4857142857142857,0.0,0.4857142857142857,0.4857142857142857,0.4000000000000001,6.798699777552591e-17,0.4,0.4,0.8000000000000002,1.3597399555105182e-16,0.8,0.8,0.823529411764706,1.3597399555105182e-16,0.8235294117647058,0.8235294117647058,35.0,0.0,35,35,31.0,0.0,31,31,16.0,0.0,16,16,19.0,0.0,19,19,0.9375,0.0,0.9375,0.9375,0.6842105263157895,0.0,0.6842105263157895,0.6842105263157895,-0.2532894736842105,0.0,-0.2532894736842105,-0.2532894736842105,18.0,0.0,18,18,13.0,0.0,13,13,0.5806451612903226,0.0,0.5806451612903226,0.5806451612903226,0.41935483870967744,0.0,0.41935483870967744,0.41935483870967744,0.16129032258064524,0.0,0.16129032258064524,0.16129032258064524
llama3.1_8b,baseline,Nationality,3,35.0,0.0,35,35,33.0,0.0,33,33,2.0,0.0,2,2,1.0,0.0,1,1,17.0,0.0,17,17,15.0,0.0,15,15,0.9428571428571427,1.3597399555105182e-16,0.9428571428571428,0.9428571428571428,0.05714285714285714,0.0,0.05714285714285714,0.05714285714285714,0.02857142857142857,0.0,0.02857142857142857,0.02857142857142857,0.030303030303030304,0.0,0.030303030303030304,0.030303030303030304,0.4857142857142857,0.0,0.4857142857142857,0.4857142857142857,0.42857142857142855,0.0,0.42857142857142855,0.42857142857142855,0.8285714285714286,0.0,0.8285714285714286,0.8285714285714286,0.8787878787878788,0.0,0.8787878787878788,0.8787878787878788,35.0,0.0,35,35,32.0,0.0,32,32,16.0,0.0,16,16,19.0,0.0,19,19,0.875,0.0,0.875,0.875,0.7894736842105262,1.3597399555105182e-16,0.7894736842105263,0.7894736842105263,-0.08552631578947367,0.0,-0.08552631578947367,-0.08552631578947367,16.0,0.0,16,16,16.0,0.0,16,16,0.5,0.0,0.5,0.5,0.5,0.0,0.5,0.5,0.0,0.0,0.0,0.0
llama3.1_8b,chain_of_thought,Nationality,3,35.0,0.0,35,35,35.0,0.0,35,35,0.0,0.0,0,0,0.0,0.0,0,0,20.0,0.0,20,20,15.0,0.0,15,15,1.0,0.0,1.0,1.0,0.0,0.0,0.0,0.0,0.0,0.0,0.0,0.0,0.0,0.0,0.0,0.0,0.5714285714285714,0.0,0.5714285714285714,0.5714285714285714,0.42857142857142855,0.0,0.42857142857142855,0.42857142857142855,0.9714285714285714,0.0,0.9714285714285714,0.9714285714285714,0.9714285714285714,0.0,0.9714285714285714,0.9714285714285714,35.0,0.0,35,35,35.0,0.0,35,35,16.0,0.0,16,16,19.0,0.0,19,19,0.9375,0.0,0.9375,0.9375,1.0,0.0,1.0,1.0,0.0625,0.0,0.0625,0.0625,15.0,0.0,15,15,20.0,0.0,20,20,0.42857142857142855,0.0,0.42857142857142855,0.42857142857142855,0.5714285714285714,0.0,0.5714285714285714,0.5714285714285714,-0.1428571428571429,0.0,-0.1428571428571429,-0.1428571428571429
llama3.1_8b,role_based,Nationality,3,35.0,0.0,35,35,33.0,0.0,33,33,2.0,0.0,2,2,1.0,0.0,1,1,18.0,0.0,18,18,14.0,0.0,14,14,0.9428571428571427,1.3597399555105182e-16,0.9428571428571428,0.9428571428571428,0.05714285714285714,0.0,0.05714285714285714,0.05714285714285714,0.02857142857142857,0.0,0.02857142857142857,0.02857142857142857,0.030303030303030304,0.0,0.030303030303030304,0.030303030303030304,0.5142857142857142,0.0,0.5142857142857142,0.5142857142857142,0.4000000000000001,6.798699777552591e-17,0.4,0.4,0.9142857142857143,0.0,0.9142857142857143,0.9142857142857143,0.9696969696969697,0.0,0.9696969696969697,0.9696969696969697,35.0,0.0,35,35,32.0,0.0,32,32,16.0,0.0,16,16,19.0,0.0,19,19,0.9375,0.0,0.9375,0.9375,0.8947368421052632,0.0,0.8947368421052632,0.8947368421052632,-0.042763157894736836,0.0,-0.042763157894736836,-0.042763157894736836,15.0,0.0,15,15,17.0,0.0,17,17,0.46875,0.0,0.46875,0.46875,0.53125,0.0,0.53125,0.53125,-0.0625,0.0,-0.0625,-0.0625
llama3.1_8b,attribute_early,Physical_appearance,3,35.0,0.0,35,35,34.0,0.0,34,34,1.0,0.0,1,1,4.0,0.0,4,4,13.0,0.0,13,13,17.0,0.0,17,17,0.9714285714285714,0.0,0.9714285714285714,0.9714285714285714,0.02857142857142857,0.0,0.02857142857142857,0.02857142857142857,0.11428571428571428,0.0,0.11428571428571428,0.11428571428571428,0.1176470588235294,1.6996749443881478e-17,0.11764705882352941,0.11764705882352941,0.37142857142857144,0.0,0.37142857142857144,0.37142857142857144,0.4857142857142857,0.0,0.4857142857142857,0.4857142857142857,0.8285714285714286,0.0,0.8285714285714286,0.8285714285714286,0.8529411764705882,0.0,0.8529411764705882,0.8529411764705882,35.0,0.0,35,35,30.0,0.0,30,30,15.0,0.0,15,15,20.0,0.0,20,20,0.9333333333333332,1.3597399555105182e-16,0.9333333333333333,0.9333333333333333,0.75,0.0,0.75,0.75,-0.18333333333333335,0.0,-0.18333333333333335,-0.18333333333333335,15.0,0.0,15,15,15.0,0.0,15,15,0.5,0.0,0.5,0.5,0.5,0.0,0.5,0.5,0.0,0.0,0.0,0.0
llama3.1_8b,attribute_late,Physical_appearance,3,35.0,0.0,35,35,33.0,0.0,33,33,2.0,0.0,2,2,7.0,0.0,7,7,14.0,0.0,14,14,12.0,0.0,12,12,0.9428571428571427,1.3597399555105182e-16,0.9428571428571428,0.9428571428571428,0.05714285714285714,0.0,0.05714285714285714,0.05714285714285714,0.20000000000000004,3.3993498887762956e-17,0.2,0.2,0.21212121212121213,0.0,0.21212121212121213,0.21212121212121213,0.4000000000000001,6.798699777552591e-17,0.4,0.4,0.3428571428571428,6.798699777552591e-17,0.34285714285714286,0.34285714285714286,0.6571428571428571,0.0,0.6571428571428571,0.6571428571428571,0.6969696969696969,1.3597399555105182e-16,0.696969696969697,0.696969696969697,35.0,0.0,35,35,26.0,0.0,26,26,15.0,0.0,15,15,20.0,0.0,20,20,0.7333333333333333,0.0,0.7333333333333333,0.7333333333333333,0.6,0.0,0.6,0.6,-0.1333333333333333,0.0,-0.1333333333333333,-0.1333333333333333,13.0,0.0,13,13,13.0,0.0,13,13,0.5,0.0,0.5,0.5,0.5,0.0,0.5,0.5,0.0,0.0,0.0,0.0
llama3.1_8b,baseline,Physical_appearance,3,35.0,0.0,35,35,34.0,0.0,34,34,1.0,0.0,1,1,2.0,0.0,2,2,15.0,0.0,15,15,17.0,0.0,17,17,0.9714285714285714,0.0,0.9714285714285714,0.9714285714285714,0.02857142857142857,0.0,0.02857142857142857,0.02857142857142857,0.05714285714285714,0.0,0.05714285714285714,0.05714285714285714,0.0588235294117647,8.498374721940739e-18,0.058823529411764705,0.058823529411764705,0.42857142857142855,0.0,0.42857142857142855,0.42857142857142855,0.4857142857142857,0.0,0.4857142857142857,0.4857142857142857,0.8285714285714286,0.0,0.8285714285714286,0.8285714285714286,0.8529411764705882,0.0,0.8529411764705882,0.8529411764705882,35.0,0.0,35,35,32.0,0.0,32,32,15.0,0.0,15,15,20.0,0.0,20,20,0.8666666666666667,0.0,0.8666666666666667,0.8666666666666667,0.8000000000000002,1.3597399555105182e-16,0.8,0.8,-0.06666666666666665,0.0,-0.06666666666666665,-0.06666666666666665,15.0,0.0,15,15,17.0,0.0,17,17,0.46875,0.0,0.46875,0.46875,0.53125,0.0,0.53125,0.53125,-0.0625,0.0,-0.0625,-0.0625
llama3.1_8b,chain_of_thought,Physical_appearance,3,35.0,0.0,35,35,35.0,0.0,35,35,0.0,0.0,0,0,3.0,0.0,3,3,17.0,0.0,17,17,15.0,0.0,15,15,1.0,0.0,1.0,1.0,0.0,0.0,0.0,0.0,0.0857142857142857,1.6996749443881478e-17,0.08571428571428572,0.08571428571428572,0.0857142857142857,1.6996749443881478e-17,0.08571428571428572,0.08571428571428572,0.4857142857142857,0.0,0.4857142857142857,0.4857142857142857,0.42857142857142855,0.0,0.42857142857142855,0.42857142857142855,0.8000000000000002,1.3597399555105182e-16,0.8,0.8,0.8000000000000002,1.3597399555105182e-16,0.8,0.8,35.0,0.0,35,35,32.0,0.0,32,32,15.0,0.0,15,15,20.0,0.0,20,20,0.7333333333333333,0.0,0.7333333333333333,0.7333333333333333,0.85,0.0,0.85,0.85,0.1166666666666667,0.0,0.1166666666666667,0.1166666666666667,11.0,0.0,11,11,21.0,0.0,21,21,0.34375,0.0,0.34375,0.34375,0.65625,0.0,0.65625,0.65625,-0.3125,0.0,-0.3125,-0.3125
llama3.1_8b,role_based,Physical_appearance,3,35.0,0.0,35,35,34.0,0.0,34,34,1.0,0.0,1,1,9.0,0.0,9,9,14.0,0.0,14,14,11.0,0.0,11,11,0.9714285714285714,0.0,0.9714285714285714,0.9714285714285714,0.02857142857142857,0.0,0.02857142857142857,0.02857142857142857,0.2571428571428571,0.0,0.2571428571428571,0.2571428571428571,0.2647058823529412,0.0,0.2647058823529412,0.2647058823529412,0.4000000000000001,6.798699777552591e-17,0.4,0.4,0.3142857142857143,0.0,0.3142857142857143,0.3142857142857143,0.6571428571428571,0.0,0.6571428571428571,0.6571428571428571,0.676470588235294,1.3597399555105182e-16,0.6764705882352942,0.6764705882352942,35.0,0.0,35,35,25.0,0.0,25,25,15.0,0.0,15,15,20.0,0.0,20,20,0.6666666666666666,0.0,0.6666666666666666,0.6666666666666666,0.65,0.0,0.65,0.65,-0.016666666666666607,0.0,-0.016666666666666607,-0.016666666666666607,11.0,0.0,11,11,14.0,0.0,14,14,0.44,0.0,0.44,0.44,0.56,0.0,0.56,0.56,-0.12,0.0,-0.12,-0.12
llama3.1_8b,attribute_early,Race_ethnicity,3,35.0,0.0,35,35,33.0,0.0,33,33,2.0,0.0,2,2,1.0,0.0,1,1,13.0,0.0,13,13,19.0,0.0,19,19,0.9428571428571427,1.3597399555105182e-16,0.9428571428571428,0.9428571428571428,0.05714285714285714,0.0,0.05714285714285714,0.05714285714285714,0.02857142857142857,0.0,0.02857142857142857,0.02857142857142857,0.030303030303030304,0.0,0.030303030303030304,0.030303030303030304,0.37142857142857144,0.0,0.37142857142857144,0.37142857142857144,0.5428571428571428,0.0,0.5428571428571428,0.5428571428571428,0.8571428571428571,0.0,0.8571428571428571,0.8571428571428571,0.9090909090909091,0.0,0.9090909090909091,0.9090909090909091,35.0,0.0,35,35,32.0,0.0,32,32,15.0,0.0,15,15,20.0,0.0,20,20,0.9333333333333332,1.3597399555105182e-16,0.9333333333333333,0.9333333333333333,0.8000000000000002,1.3597399555105182e-16,0.8,0.8,-0.1333333333333333,0.0,-0.1333333333333333,-0.1333333333333333,15.0,0.0,15,15,17.0,0.0,17,17,0.46875,0.0,0.46875,0.46875,0.53125,0.0,0.53125,0.53125,-0.0625,0.0,-0.0625,-0.0625
llama3.1_8b,attribute_late,Race_ethnicity,3,35.0,0.0,35,35,34.0,0.0,34,34,1.0,0.0,1,1,4.0,0.0,4,4,13.0,0.0,13,13,17.0,0.0,17,17,0.9714285714285714,0.0,0.9714285714285714,0.9714285714285714,0.02857142857142857,0.0,0.02857142857142857,0.02857142857142857,0.11428571428571428,0.0,0.11428571428571428,0.11428571428571428,0.1176470588235294,1.6996749443881478e-17,0.11764705882352941,0.11764705882352941,0.37142857142857144,0.0,0.37142857142857144,0.37142857142857144,0.4857142857142857,0.0,0.4857142857142857,0.4857142857142857,0.7714285714285715,0.0,0.7714285714285715,0.7714285714285715,0.7941176470588235,0.0,0.7941176470588235,0.7941176470588235,35.0,0.0,35,35,30.0,0.0,30,30,15.0,0.0,15,15,20.0,0.0,20,20,0.8000000000000002,1.3597399555105182e-16,0.8,0.8,0.75,0.0,0.75,0.75,-0.050000000000000044,0.0,-0.050000000000000044,-0.050000000000000044,13.0,0.0,13,13,17.0,0.0,17,17,0.43333333333333335,0.0,0.43333333333333335,0.43333333333333335,0.5666666666666667,0.0,0.5666666666666667,0.5666666666666667,-0.1333333333333333,0.0,-0.1333333333333333,-0.1333333333333333
llama3.1_8b,baseline,Race_ethnicity,3,35.0,0.0,35,35,34.0,0.0,34,34,1.0,0.0,1,1,1.0,0.0,1,1,15.0,0.0,15,15,18.0,0.0,18,18,0.9714285714285714,0.0,0.9714285714285714,0.9714285714285714,0.02857142857142857,0.0,0.02857142857142857,0.02857142857142857,0.02857142857142857,0.0,0.02857142857142857,0.02857142857142857,0.02941176470588235,4.2491873609703695e-18,0.029411764705882353,0.029411764705882353,0.42857142857142855,0.0,0.42857142857142855,0.42857142857142855,0.5142857142857142,0.0,0.5142857142857142,0.5142857142857142,0.8285714285714286,0.0,0.8285714285714286,0.8285714285714286,0.8529411764705882,0.0,0.8529411764705882,0.8529411764705882,35.0,0.0,35,35,33.0,0.0,33,33,15.0,0.0,15,15,20.0,0.0,20,20,0.8666666666666667,0.0,0.8666666666666667,0.8666666666666667,0.8000000000000002,1.3597399555105182e-16,0.8,0.8,-0.06666666666666665,0.0,-0.06666666666666665,-0.06666666666666665,15.0,0.0,15,15,18.0,0.0,18,18,0.45454545454545453,0.0,0.45454545454545453,0.45454545454545453,0.5454545454545454,0.0,0.5454545454545454,0.5454545454545454,-0.09090909090909094,0.0,-0.09090909090909094,-0.09090909090909094
llama3.1_8b,chain_of_thought,Race_ethnicity,3,35.0,0.0,35,35,35.0,0.0,35,35,0.0,0.0,0,0,2.0,0.0,2,2,14.0,0.0,14,14,19.0,0.0,19,19,1.0,0.0,1.0,1.0,0.0,0.0,0.0,0.0,0.05714285714285714,0.0,0.05714285714285714,0.05714285714285714,0.05714285714285714,0.0,0.05714285714285714,0.05714285714285714,0.4000000000000001,6.798699777552591e-17,0.4,0.4,0.5428571428571428,0.0,0.5428571428571428,0.5428571428571428,0.9142857142857143,0.0,0.9142857142857143,0.9142857142857143,0.9142857142857143,0.0,0.9142857142857143,0.9142857142857143,35.0,0.0,35,35,33.0,0.0,33,33,15.0,0.0,15,15,20.0,0.0,20,20,0.9333333333333332,1.3597399555105182e-16,0.9333333333333333,0.9333333333333333,0.9,0.0,0.9,0.9,-0.033333333333333326,0.0,-0.033333333333333326,-0.033333333333333326,14.0,0.0,14,14,19.0,0.0,19,19,0.42424242424242425,0.0,0.42424242424242425,0.42424242424242425,0.5757575757575758,0.0,0.5757575757575758,0.5757575757575758,-0.1515151515151515,0.0,-0.1515151515151515,-0.1515151515151515
llama3.1_8b,role_based,Race_ethnicity,3,35.0,0.0,35,35,35.0,0.0,35,35,0.0,0.0,0,0,0.0,0.0,0,0,15.0,0.0,15,15,20.0,0.0,20,20,1.0,0.0,1.0,1.0,0.0,0.0,0.0,0.0,0.0,0.0,0.0,0.0,0.0,0.0,0.0,0.0,0.42857142857142855,0.0,0.42857142857142855,0.42857142857142855,0.5714285714285714,0.0,0.5714285714285714,0.5714285714285714,0.9428571428571427,1.3597399555105182e-16,0.9428571428571428,0.9428571428571428,0.9428571428571427,1.3597399555105182e-16,0.9428571428571428,0.9428571428571428,35.0,0.0,35,35,35.0,0.0,35,35,15.0,0.0,15,15,20.0,0.0,20,20,0.9333333333333332,1.3597399555105182e-16,0.9333333333333333,0.9333333333333333,0.9499999999999998,1.3597399555105182e-16,0.95,0.95,0.016666666666666607,0.0,0.016666666666666607,0.016666666666666607,15.0,0.0,15,15,20.0,0.0,20,20,0.42857142857142855,0.0,0.42857142857142855,0.42857142857142855,0.5714285714285714,0.0,0.5714285714285714,0.5714285714285714,-0.1428571428571429,0.0,-0.1428571428571429,-0.1428571428571429
llama3.1_8b,attribute_early,Race_x_SES,3,34.0,0.0,34,34,33.0,0.0,33,33,1.0,0.0,1,1,0.0,0.0,0,0,18.0,0.0,18,18,15.0,0.0,15,15,0.9705882352941176,0.0,0.9705882352941176,0.9705882352941176,0.02941176470588235,4.2491873609703695e-18,0.029411764705882353,0.029411764705882353,0.0,0.0,0.0,0.0,0.0,0.0,0.0,0.0,0.5294117647058824,0.0,0.5294117647058824,0.5294117647058824,0.4411764705882353,0.0,0.4411764705882353,0.4411764705882353,0.8823529411764706,0.0,0.8823529411764706,0.8823529411764706,0.9090909090909091,0.0,0.9090909090909091,0.9090909090909091,34.0,0.0,34,34,33.0,0.0,33,33,16.0,0.0,16,16,18.0,0.0,18,18,0.875,0.0,0.875,0.875,0.8888888888888888,0.0,0.8888888888888888,0.8888888888888888,0.01388888888888884,0.0,0.01388888888888884,0.01388888888888884,16.0,0.0,16,16,17.0,0.0,17,17,0.48484848484848486,0.0,0.48484848484848486,0.48484848484848486,0.5151515151515151,0.0,0.5151515151515151,0.5151515151515151,-0.030303030303030276,0.0,-0.030303030303030276,-0.030303030303030276
llama3.1_8b,attribute_late,Race_x_SES,3,34.0,0.0,34,34,28.0,0.0,28,28,6.0,0.0,6,6,1.0,0.0,1,1,16.0,0.0,16,16,11.0,0.0,11,11,0.823529411764706,1.3597399555105182e-16,0.8235294117647058,0.8235294117647058,0.17647058823529413,0.0,0.17647058823529413,0.17647058823529413,0.02941176470588235,4.2491873609703695e-18,0.029411764705882353,0.029411764705882353,0.03571428571428571,0.0,0.03571428571428571,0.03571428571428571,0.4705882352941176,6.798699777552591e-17,0.47058823529411764,0.47058823529411764,0.3235294117647059,0.0,0.3235294117647059,0.3235294117647059,0.7647058823529411,0.0,0.7647058823529411,0.7647058823529411,0.9285714285714285,1.3597399555105182e-16,0.9285714285714286,0.9285714285714286,34.0,0.0,34,34,27.0,0.0,27,27,16.0,0.0,16,16,18.0,0.0,18,18,0.8125,0.0,0.8125,0.8125,0.7222222222222222,0.0,0.7222222222222222,0.7222222222222222,-0.09027777777777779,0.0,-0.09027777777777779,-0.09027777777777779,14.0,0.0,14,14,13.0,0.0,13,13,0.5185185185185185,0.0,0.5185185185185185,0.5185185185185185,0.48148148148148145,0.0,0.48148148148148145,0.48148148148148145,0.03703703703703698,0.0,0.03703703703703698,0.03703703703703698
llama3.1_8b,baseline,Race_x_SES,3,34.0,0.0,34,34,31.0,0.0,31,31,3.0,0.0,3,3,0.0,0.0,0,0,17.0,0.0,17,17,14.0,0.0,14,14,0.9117647058823529,0.0,0.9117647058823529,0.9117647058823529,0.08823529411764706,0.0,0.08823529411764706,0.08823529411764706,0.0,0.0,0.0,0.0,0.0,0.0,0.0,0.0,0.5,0.0,0.5,0.5,0.411764705882353,6.798699777552591e-17,0.4117647058823529,0.4117647058823529,0.823529411764706,1.3597399555105182e-16,0.8235294117647058,0.8235294117647058,0.9032258064516129,0.0,0.9032258064516129,0.9032258064516129,34.0,0.0,34,34,31.0,0.0,31,31,16.0,0.0,16,16,18.0,0.0,18,18,0.875,0.0,0.875,0.875,0.7777777777777778,0.0,0.7777777777777778,0.7777777777777778,-0.09722222222222221,0.0,-0.09722222222222221,-0.09722222222222221,16.0,0.0,16,16,15.0,0.0,15,15,0.5161290322580645,0.0,0.5161290322580645,0.5161290322580645,0.4838709677419355,0.0,0.4838709677419355,0.4838709677419355,0.032258064516129004,0.0,0.032258064516129004,0.032258064516129004
llama3.1_8b,chain_of_thought,Race_x_SES,3,34.0,0.0,34,34,34.0,0.0,34,34,0.0,0.0,0,0,0.0,0.0,0,0,22.0,0.0,22,22,12.0,0.0,12,12,1.0,0.0,1.0,1.0,0.0,0.0,0.0,0.0,0.0,0.0,0.0,0.0,0.0,0.0,0.0,0.0,0.6470588235294118,0.0,0.6470588235294118,0.6470588235294118,0.35294117647058826,0.0,0.35294117647058826,0.35294117647058826,0.9705882352941176,0.0,0.9705882352941176,0.9705882352941176,0.9705882352941176,0.0,0.9705882352941176,0.9705882352941176,34.0,0.0,34,34,34.0,0.0,34,34,16.0,0.0,16,16,18.0,0.0,18,18,0.9375,0.0,0.9375,0.9375,1.0,0.0,1.0,1.0,0.0625,0.0,0.0625,0.0625,15.0,0.0,15,15,19.0,0.0,19,19,0.4411764705882353,0.0,0.4411764705882353,0.4411764705882353,0.5588235294117647,0.0,0.5588235294117647,0.5588235294117647,-0.11764705882352944,0.0,-0.11764705882352944,-0.11764705882352944
llama3.1_8b,role_based,Race_x_SES,3,34.0,0.0,34,34,33.0,0.0,33,33,1.0,0.0,1,1,1.0,0.0,1,1,19.0,0.0,19,19,13.0,0.0,13,13,0.9705882352941176,0.0,0.9705882352941176,0.9705882352941176,0.02941176470588235,4.2491873609703695e-18,0.029411764705882353,0.029411764705882353,0.02941176470588235,4.2491873609703695e-18,0.029411764705882353,0.029411764705882353,0.030303030303030304,0.0,0.030303030303030304,0.030303030303030304,0.5588235294117647,0.0,0.5588235294117647,0.5588235294117647,0.38235294117647056,0.0,0.38235294117647056,0.38235294117647056,0.8529411764705882,0.0,0.8529411764705882,0.8529411764705882,0.8787878787878788,0.0,0.8787878787878788,0.8787878787878788,34.0,0.0,34,34,32.0,0.0,32,32,16.0,0.0,16,16,18.0,0.0,18,18,0.875,0.0,0.875,0.875,0.8333333333333334,0.0,0.8333333333333334,0.8333333333333334,-0.04166666666666663,0.0,-0.04166666666666663,-0.04166666666666663,17.0,0.0,17,17,15.0,0.0,15,15,0.53125,0.0,0.53125,0.53125,0.46875,0.0,0.46875,0.46875,0.0625,0.0,0.0625,0.0625
llama3.1_8b,attribute_early,Race_x_gender,3,34.0,0.0,34,34,33.0,0.0,33,33,1.0,0.0,1,1,0.0,0.0,0,0,17.0,0.0,17,17,16.0,0.0,16,16,0.9705882352941176,0.0,0.9705882352941176,0.9705882352941176,0.02941176470588235,4.2491873609703695e-18,0.029411764705882353,0.029411764705882353,0.0,0.0,0.0,0.0,0.0,0.0,0.0,0.0,0.5,0.0,0.5,0.5,0.4705882352941176,6.798699777552591e-17,0.47058823529411764,0.47058823529411764,0.9117647058823529,0.0,0.9117647058823529,0.9117647058823529,0.9393939393939394,0.0,0.9393939393939394,0.9393939393939394,34.0,0.0,34,34,33.0,0.0,33,33,19.0,0.0,19,19,15.0,0.0,15,15,0.8421052631578947,0.0,0.8421052631578947,0.8421052631578947,1.0,0.0,1.0,1.0,0.1578947368421053,0.0,0.1578947368421053,0.1578947368421053,16.0,0.0,16,16,17.0,0.0,17,17,0.48484848484848486,0.0,0.48484848484848486,0.48484848484848486,0.5151515151515151,0.0,0.5151515151515151,0.5151515151515151,-0.030303030303030276,0.0,-0.030303030303030276,-0.030303030303030276
llama3.1_8b,attribute_late,Race_x_gender,3,34.0,0.0,34,34,33.0,0.0,33,33,1.0,0.0,1,1,2.0,0.0,2,2,13.0,0.0,13,13,18.0,0.0,18,18,0.9705882352941176,0.0,0.9705882352941176,0.9705882352941176,0.02941176470588235,4.2491873609703695e-18,0.029411764705882353,0.029411764705882353,0.0588235294117647,8.498374721940739e-18,0.058823529411764705,0.058823529411764705,0.06060606060606061,0.0,0.06060606060606061,0.06060606060606061,0.38235294117647056,0.0,0.38235294117647056,0.38235294117647056,0.5294117647058824,0.0,0.5294117647058824,0.5294117647058824,0.823529411764706,1.3597399555105182e-16,0.8235294117647058,0.8235294117647058,0.8484848484848485,0.0,0.8484848484848485,0.8484848484848485,34.0,0.0,34,34,31.0,0.0,31,31,19.0,0.0,19,19,15.0,0.0,15,15,0.7368421052631579,0.0,0.7368421052631579,0.7368421052631579,0.9333333333333332,1.3597399555105182e-16,0.9333333333333333,0.9333333333333333,0.1964912280701755,0.0,0.1964912280701755,0.1964912280701755,15.0,0.0,15,15,16.0,0.0,16,16,0.4838709677419355,0.0,0.4838709677419355,0.4838709677419355,0.5161290322580645,0.0,0.5161290322580645,0.5161290322580645,-0.032258064516129004,0.0,-0.032258064516129004,-0.032258064516129004
llama3.1_8b,baseline,Race_x_gender,3,34.0,0.0,34,34,33.0,0.0,33,33,1.0,0.0,1,1,1.0,0.0,1,1,14.0,0.0,14,14,18.0,0.0,18,18,0.9705882352941176,0.0,0.9705882352941176,0.9705882352941176,0.02941176470588235,4.2491873609703695e-18,0.029411764705882353,0.029411764705882353,0.02941176470588235,4.2491873609703695e-18,0.029411764705882353,0.029411764705882353,0.030303030303030304,0.0,0.030303030303030304,0.030303030303030304,0.411764705882353,6.798699777552591e-17,0.4117647058823529,0.4117647058823529,0.5294117647058824,0.0,0.5294117647058824,0.5294117647058824,0.8823529411764706,0.0,0.8823529411764706,0.8823529411764706,0.9090909090909091,0.0,0.9090909090909091,0.9090909090909091,34.0,0.0,34,34,32.0,0.0,32,32,19.0,0.0,19,19,15.0,0.0,15,15,0.8421052631578947,0.0,0.8421052631578947,0.8421052631578947,0.9333333333333332,1.3597399555105182e-16,0.9333333333333333,0.9333333333333333,0.09122807017543866,0.0,0.09122807017543866,0.09122807017543866,17.0,0.0,17,17,15.0,0.0,15,15,0.53125,0.0,0.53125,0.53125,0.46875,0.0,0.46875,0.46875,0.0625,0.0,0.0625,0.0625
llama3.1_8b,chain_of_thought,Race_x_gender,3,34.0,0.0,34,34,34.0,0.0,34,34,0.0,0.0,0,0,0.0,0.0,0,0,16.0,0.0,16,16,18.0,0.0,18,18,1.0,0.0,1.0,1.0,0.0,0.0,0.0,0.0,0.0,0.0,0.0,0.0,0.0,0.0,0.0,0.0,0.4705882352941176,6.798699777552591e-17,0.47058823529411764,0.47058823529411764,0.5294117647058824,0.0,0.5294117647058824,0.5294117647058824,0.9411764705882352,1.3597399555105182e-16,0.9411764705882353,0.9411764705882353,0.9411764705882352,1.3597399555105182e-16,0.9411764705882353,0.9411764705882353,34.0,0.0,34,34,34.0,0.0,34,34,19.0,0.0,19,19,15.0,0.0,15,15,0.8947368421052632,0.0,0.8947368421052632,0.8947368421052632,1.0,0.0,1.0,1.0,0.10526315789473684,0.0,0.10526315789473684,0.10526315789473684,17.0,0.0,17,17,17.0,0.0,17,17,0.5,0.0,0.5,0.5,0.5,0.0,0.5,0.5,0.0,0.0,0.0,0.0
llama3.1_8b,role_based,Race_x_gender,3,34.0,0.0,34,34,32.0,0.0,32,32,2.0,0.0,2,2,4.0,0.0,4,4,14.0,0.0,14,14,14.0,0.0,14,14,0.9411764705882352,1.3597399555105182e-16,0.9411764705882353,0.9411764705882353,0.0588235294117647,8.498374721940739e-18,0.058823529411764705,0.058823529411764705,0.1176470588235294,1.6996749443881478e-17,0.11764705882352941,0.11764705882352941,0.125,0.0,0.125,0.125,0.411764705882353,6.798699777552591e-17,0.4117647058823529,0.4117647058823529,0.411764705882353,6.798699777552591e-17,0.4117647058823529,0.4117647058823529,0.7941176470588235,0.0,0.7941176470588235,0.7941176470588235,0.84375,0.0,0.84375,0.84375,34.0,0.0,34,34,28.0,0.0,28,28,19.0,0.0,19,19,15.0,0.0,15,15,0.6842105263157895,0.0,0.6842105263157895,0.6842105263157895,0.9333333333333332,1.3597399555105182e-16,0.9333333333333333,0.9333333333333333,0.24912280701754386,0.0,0.24912280701754386,0.24912280701754386,13.0,0.0,13,13,15.0,0.0,15,15,0.46428571428571425,6.798699777552591e-17,0.4642857142857143,0.4642857142857143,0.5357142857142857,0.0,0.5357142857142857,0.5357142857142857,-0.0714285714285714,0.0,-0.0714285714285714,-0.0714285714285714
llama3.1_8b,attribute_early,Religion,3,34.0,0.0,34,34,32.0,0.0,32,32,2.0,0.0,2,2,0.0,0.0,0,0,19.0,0.0,19,19,13.0,0.0,13,13,0.9411764705882352,1.3597399555105182e-16,0.9411764705882353,0.9411764705882353,0.0588235294117647,8.498374721940739e-18,0.058823529411764705,0.058823529411764705,0.0,0.0,0.0,0.0,0.0,0.0,0.0,0.0,0.5588235294117647,0.0,0.5588235294117647,0.5588235294117647,0.38235294117647056,0.0,0.38235294117647056,0.38235294117647056,0.7647058823529411,0.0,0.7647058823529411,0.7647058823529411,0.8125,0.0,0.8125,0.8125,34.0,0.0,34,34,32.0,0.0,32,32,19.0,0.0,19,19,15.0,0.0,15,15,0.7368421052631579,0.0,0.7368421052631579,0.7368421052631579,0.8000000000000002,1.3597399555105182e-16,0.8,0.8,0.06315789473684219,0.0,0.06315789473684219,0.06315789473684219,17.0,0.0,17,17,15.0,0.0,15,15,0.53125,0.0,0.53125,0.53125,0.46875,0.0,0.46875,0.46875,0.0625,0.0,0.0625,0.0625
llama3.1_8b,attribute_late,Religion,3,34.0,0.0,34,34,31.0,0.0,31,31,3.0,0.0,3,3,3.0,0.0,3,3,15.0,0.0,15,15,13.0,0.0,13,13,0.9117647058823529,0.0,0.9117647058823529,0.9117647058823529,0.08823529411764706,0.0,0.08823529411764706,0.08823529411764706,0.08823529411764706,0.0,0.08823529411764706,0.08823529411764706,0.09677419354838708,1.6996749443881478e-17,0.0967741935483871,0.0967741935483871,0.4411764705882353,0.0,0.4411764705882353,0.4411764705882353,0.38235294117647056,0.0,0.38235294117647056,0.38235294117647056,0.676470588235294,1.3597399555105182e-16,0.6764705882352942,0.6764705882352942,0.7419354838709676,1.3597399555105182e-16,0.7419354838709677,0.7419354838709677,34.0,0.0,34,34,28.0,0.0,28,28,19.0,0.0,19,19,15.0,0.0,15,15,0.631578947368421,0.0,0.631578947368421,0.631578947368421,0.7333333333333333,0.0,0.7333333333333333,0.7333333333333333,0.10175438596491226,0.0,0.10175438596491226,0.10175438596491226,14.0,0.0,14,14,14.0,0.0,14,14,0.5,0.0,0.5,0.5,0.5,0.0,0.5,0.5,0.0,0.0,0.0,0.0
llama3.1_8b,baseline,Religion,3,34.0,0.0,34,34,30.0,0.0,30,30,4.0,0.0,4,4,2.0,0.0,2,2,17.0,0.0,17,17,11.0,0.0,11,11,0.8823529411764706,0.0,0.8823529411764706,0.8823529411764706,0.1176470588235294,1.6996749443881478e-17,0.11764705882352941,0.11764705882352941,0.0588235294117647,8.498374721940739e-18,0.058823529411764705,0.058823529411764705,0.06666666666666667,0.0,0.06666666666666667,0.06666666666666667,0.5,0.0,0.5,0.5,0.3235294117647059,0.0,0.3235294117647059,0.3235294117647059,0.7058823529411765,0.0,0.7058823529411765,0.7058823529411765,0.8000000000000002,1.3597399555105182e-16,0.8,0.8,34.0,0.0,34,34,28.0,0.0,28,28,19.0,0.0,19,19,15.0,0.0,15,15,0.631578947368421,0.0,0.631578947368421,0.631578947368421,0.8000000000000002,1.3597399555105182e-16,0.8,0.8,0.16842105263157903,0.0,0.16842105263157903,0.16842105263157903,14.0,0.0,14,14,14.0,0.0,14,14,0.5,0.0,0.5,0.5,0.5,0.0,0.5,0.5,0.0,0.0,0.0,0.0
llama3.1_8b,chain_of_thought,Religion,3,34.0,0.0,34,34,34.0,0.0,34,34,0.0,0.0,0,0,0.0,0.0,0,0,21.0,0.0,21,21,13.0,0.0,13,13,1.0,0.0,1.0,1.0,0.0,0.0,0.0,0.0,0.0,0.0,0.0,0.0,0.0,0.0,0.0,0.0,0.6176470588235294,0.0,0.6176470588235294,0.6176470588235294,0.38235294117647056,0.0,0.38235294117647056,0.38235294117647056,0.8529411764705882,0.0,0.8529411764705882,0.8529411764705882,0.8529411764705882,0.0,0.8529411764705882,0.8529411764705882,34.0,0.0,34,34,34.0,0.0,34,34,19.0,0.0,19,19,15.0,0.0,15,15,0.8421052631578947,0.0,0.8421052631578947,0.8421052631578947,0.8666666666666667,0.0,0.8666666666666667,0.8666666666666667,0.024561403508772006,0.0,0.024561403508772006,0.024561403508772006,18.0,0.0,18,18,16.0,0.0,16,16,0.5294117647058824,0.0,0.5294117647058824,0.5294117647058824,0.4705882352941176,6.798699777552591e-17,0.47058823529411764,0.47058823529411764,0.05882352941176472,0.0,0.05882352941176472,0.05882352941176472
llama3.1_8b,role_based,Religion,3,34.0,0.0,34,34,34.0,0.0,34,34,0.0,0.0,0,0,2.0,0.0,2,2,20.0,0.0,20,20,12.0,0.0,12,12,1.0,0.0,1.0,1.0,0.0,0.0,0.0,0.0,0.0588235294117647,8.498374721940739e-18,0.058823529411764705,0.058823529411764705,0.0588235294117647,8.498374721940739e-18,0.058823529411764705,0.058823529411764705,0.5882352941176471,0.0,0.5882352941176471,0.5882352941176471,0.35294117647058826,0.0,0.35294117647058826,0.35294117647058826,0.7941176470588235,0.0,0.7941176470588235,0.7941176470588235,0.7941176470588235,0.0,0.7941176470588235,0.7941176470588235,34.0,0.0,34,34,32.0,0.0,32,32,19.0,0.0,19,19,15.0,0.0,15,15,0.7894736842105262,1.3597399555105182e-16,0.7894736842105263,0.7894736842105263,0.8000000000000002,1.3597399555105182e-16,0.8,0.8,0.010526315789473717,0.0,0.010526315789473717,0.010526315789473717,17.0,0.0,17,17,15.0,0.0,15,15,0.53125,0.0,0.53125,0.53125,0.46875,0.0,0.46875,0.46875,0.0625,0.0,0.0625,0.0625
llama3.1_8b,attribute_early,SES,3,34.0,0.0,34,34,32.0,0.0,32,32,2.0,0.0,2,2,3.0,0.0,3,3,14.0,0.0,14,14,15.0,0.0,15,15,0.9411764705882352,1.3597399555105182e-16,0.9411764705882353,0.9411764705882353,0.0588235294117647,8.498374721940739e-18,0.058823529411764705,0.058823529411764705,0.08823529411764706,0.0,0.08823529411764706,0.08823529411764706,0.09375,0.0,0.09375,0.09375,0.411764705882353,6.798699777552591e-17,0.4117647058823529,0.4117647058823529,0.4411764705882353,0.0,0.4411764705882353,0.4411764705882353,0.8529411764705882,0.0,0.8529411764705882,0.8529411764705882,0.90625,0.0,0.90625,0.90625,34.0,0.0,34,34,29.0,0.0,29,29,23.0,0.0,23,23,11.0,0.0,11,11,0.8695652173913043,0.0,0.8695652173913043,0.8695652173913043,0.8181818181818182,0.0,0.8181818181818182,0.8181818181818182,-0.05138339920948609,0.0,-0.05138339920948609,-0.05138339920948609,20.0,0.0,20,20,9.0,0.0,9,9,0.6896551724137931,0.0,0.6896551724137931,0.6896551724137931,0.3103448275862069,0.0,0.3103448275862069,0.3103448275862069,0.3793103448275863,0.0,0.3793103448275863,0.3793103448275863
llama3.1_8b,attribute_late,SES,3,34.0,0.0,34,34,32.0,0.0,32,32,2.0,0.0,2,2,5.0,0.0,5,5,14.0,0.0,14,14,13.0,0.0,13,13,0.9411764705882352,1.3597399555105182e-16,0.9411764705882353,0.9411764705882353,0.0588235294117647,8.498374721940739e-18,0.058823529411764705,0.058823529411764705,0.14705882352941177,0.0,0.14705882352941177,0.14705882352941177,0.15625,0.0,0.15625,0.15625,0.411764705882353,6.798699777552591e-17,0.4117647058823529,0.4117647058823529,0.38235294117647056,0.0,0.38235294117647056,0.38235294117647056,0.7058823529411765,0.0,0.7058823529411765,0.7058823529411765,0.75,0.0,0.75,0.75,34.0,0.0,34,34,27.0,0.0,27,27,23.0,0.0,23,23,11.0,0.0,11,11,0.6956521739130435,0.0,0.6956521739130435,0.6956521739130435,0.7272727272727272,1.3597399555105182e-16,0.7272727272727273,0.7272727272727273,0.031620553359683834,0.0,0.031620553359683834,0.031620553359683834,18.0,0.0,18,18,9.0,0.0,9,9,0.6666666666666666,0.0,0.6666666666666666,0.6666666666666666,0.3333333333333333,0.0,0.3333333333333333,0.3333333333333333,0.33333333333333326,0.0,0.33333333333333326,0.33333333333333326
llama3.1_8b,baseline,SES,3,34.0,0.0,34,34,31.0,0.0,31,31,3.0,0.0,3,3,2.0,0.0,2,2,15.0,0.0,15,15,14.0,0.0,14,14,0.9117647058823529,0.0,0.9117647058823529,0.9117647058823529,0.08823529411764706,0.0,0.08823529411764706,0.08823529411764706,0.0588235294117647,8.498374721940739e-18,0.058823529411764705,0.058823529411764705,0.06451612903225806,0.0,0.06451612903225806,0.06451612903225806,0.4411764705882353,0.0,0.4411764705882353,0.4411764705882353,0.411764705882353,6.798699777552591e-17,0.4117647058823529,0.4117647058823529,0.8529411764705882,0.0,0.8529411764705882,0.8529411764705882,0.9354838709677419,0.0,0.9354838709677419,0.9354838709677419,34.0,0.0,34,34,29.0,0.0,29,29,23.0,0.0,23,23,11.0,0.0,11,11,0.8260869565217391,0.0,0.8260869565217391,0.8260869565217391,0.9090909090909091,0.0,0.9090909090909091,0.9090909090909091,0.08300395256916993,0.0,0.08300395256916993,0.08300395256916993,19.0,0.0,19,19,10.0,0.0,10,10,0.6551724137931034,0.0,0.6551724137931034,0.6551724137931034,0.3448275862068966,0.0,0.3448275862068966,0.3448275862068966,0.31034482758620685,0.0,0.31034482758620685,0.31034482758620685
llama3.1_8b,chain_of_thought,SES,3,34.0,0.0,34,34,34.0,0.0,34,34,0.0,0.0,0,0,2.0,0.0,2,2,17.0,0.0,17,17,15.0,0.0,15,15,1.0,0.0,1.0,1.0,0.0,0.0,0.0,0.0,0.0588235294117647,8.498374721940739e-18,0.058823529411764705,0.058823529411764705,0.0588235294117647,8.498374721940739e-18,0.058823529411764705,0.058823529411764705,0.5,0.0,0.5,0.5,0.4411764705882353,0.0,0.4411764705882353,0.4411764705882353,0.9411764705882352,1.3597399555105182e-16,0.9411764705882353,0.9411764705882353,0.9411764705882352,1.3597399555105182e-16,0.9411764705882353,0.9411764705882353,34.0,0.0,34,34,32.0,0.0,32,32,23.0,0.0,23,23,11.0,0.0,11,11,0.9130434782608695,0.0,0.9130434782608695,0.9130434782608695,1.0,0.0,1.0,1.0,0.08695652173913049,0.0,0.08695652173913049,0.08695652173913049,21.0,0.0,21,21,11.0,0.0,11,11,0.65625,0.0,0.65625,0.65625,0.34375,0.0,0.34375,0.34375,0.3125,0.0,0.3125,0.3125
llama3.1_8b,role_based,SES,3,34.0,0.0,34,34,32.0,0.0,32,32,2.0,0.0,2,2,2.0,0.0,2,2,16.0,0.0,16,16,14.0,0.0,14,14,0.9411764705882352,1.3597399555105182e-16,0.9411764705882353,0.9411764705882353,0.0588235294117647,8.498374721940739e-18,0.058823529411764705,0.058823529411764705,0.0588235294117647,8.498374721940739e-18,0.058823529411764705,0.058823529411764705,0.0625,0.0,0.0625,0.0625,0.4705882352941176,6.798699777552591e-17,0.47058823529411764,0.47058823529411764,0.411764705882353,6.798699777552591e-17,0.4117647058823529,0.4117647058823529,0.8823529411764706,0.0,0.8823529411764706,0.8823529411764706,0.9375,0.0,0.9375,0.9375,34.0,0.0,34,34,30.0,0.0,30,30,23.0,0.0,23,23,11.0,0.0,11,11,0.9565217391304349,1.3597399555105182e-16,0.9565217391304348,0.9565217391304348,0.7272727272727272,1.3597399555105182e-16,0.7272727272727273,0.7272727272727273,-0.22924901185770752,0.0,-0.22924901185770752,-0.22924901185770752,22.0,0.0,22,22,8.0,0.0,8,8,0.7333333333333333,0.0,0.7333333333333333,0.7333333333333333,0.26666666666666666,0.0,0.26666666666666666,0.26666666666666666,0.46666666666666656,0.0,0.46666666666666656,0.46666666666666656
llama3.1_8b,attribute_early,Sexual_orientation,3,34.0,0.0,34,34,30.0,0.0,30,30,4.0,0.0,4,4,2.0,0.0,2,2,13.0,0.0,13,13,15.0,0.0,15,15,0.8823529411764706,0.0,0.8823529411764706,0.8823529411764706,0.1176470588235294,1.6996749443881478e-17,0.11764705882352941,0.11764705882352941,0.0588235294117647,8.498374721940739e-18,0.058823529411764705,0.058823529411764705,0.06666666666666667,0.0,0.06666666666666667,0.06666666666666667,0.38235294117647056,0.0,0.38235294117647056,0.38235294117647056,0.4411764705882353,0.0,0.4411764705882353,0.4411764705882353,0.7941176470588235,0.0,0.7941176470588235,0.7941176470588235,0.9,0.0,0.9,0.9,34.0,0.0,34,34,28.0,0.0,28,28,10.0,0.0,10,10,24.0,0.0,24,24,0.8000000000000002,1.3597399555105182e-16,0.8,0.8,0.7916666666666666,0.0,0.7916666666666666,0.7916666666666666,-0.008333333333333415,0.0,-0.008333333333333415,-0.008333333333333415,8.0,0.0,8,8,20.0,0.0,20,20,0.2857142857142857,0.0,0.2857142857142857,0.2857142857142857,0.7142857142857143,0.0,0.7142857142857143,0.7142857142857143,-0.4285714285714286,0.0,-0.4285714285714286,-0.4285714285714286
llama3.1_8b,attribute_late,Sexual_orientation,3,34.0,0.0,34,34,33.0,0.0,33,33,1.0,0.0,1,1,5.0,0.0,5,5,12.0,0.0,12,12,16.0,0.0,16,16,0.9705882352941176,0.0,0.9705882352941176,0.9705882352941176,0.02941176470588235,4.2491873609703695e-18,0.029411764705882353,0.029411764705882353,0.14705882352941177,0.0,0.14705882352941177,0.14705882352941177,0.15151515151515152,0.0,0.15151515151515152,0.15151515151515152,0.35294117647058826,0.0,0.35294117647058826,0.35294117647058826,0.4705882352941176,6.798699777552591e-17,0.47058823529411764,0.47058823529411764,0.5882352941176471,0.0,0.5882352941176471,0.5882352941176471,0.6060606060606061,0.0,0.6060606060606061,0.6060606060606061,34.0,0.0,34,34,28.0,0.0,28,28,10.0,0.0,10,10,24.0,0.0,24,24,0.6999999999999998,1.3597399555105182e-16,0.7,0.7,0.5416666666666666,0.0,0.5416666666666666,0.5416666666666666,-0.15833333333333333,0.0,-0.15833333333333333,-0.15833333333333333,13.0,0.0,13,13,15.0,0.0,15,15,0.46428571428571425,6.798699777552591e-17,0.4642857142857143,0.4642857142857143,0.5357142857142857,0.0,0.5357142857142857,0.5357142857142857,-0.0714285714285714,0.0,-0.0714285714285714,-0.0714285714285714
llama3.1_8b,baseline,Sexual_orientation,3,34.0,0.0,34,34,32.0,0.0,32,32,2.0,0.0,2,2,3.0,0.0,3,3,15.0,0.0,15,15,14.0,0.0,14,14,0.9411764705882352,1.3597399555105182e-16,0.9411764705882353,0.9411764705882353,0.0588235294117647,8.498374721940739e-18,0.058823529411764705,0.058823529411764705,0.08823529411764706,0.0,0.08823529411764706,0.08823529411764706,0.09375,0.0,0.09375,0.09375,0.4411764705882353,0.0,0.4411764705882353,0.4411764705882353,0.411764705882353,6.798699777552591e-17,0.4117647058823529,0.4117647058823529,0.823529411764706,1.3597399555105182e-16,0.8235294117647058,0.8235294117647058,0.875,0.0,0.875,0.875,34.0,0.0,34,34,29.0,0.0,29,29,10.0,0.0,10,10,24.0,0.0,24,24,0.8000000000000002,1.3597399555105182e-16,0.8,0.8,0.8333333333333334,0.0,0.8333333333333334,0.8333333333333334,0.033333333333333326,0.0,0.033333333333333326,0.033333333333333326,9.0,0.0,9,9,20.0,0.0,20,20,0.3103448275862069,0.0,0.3103448275862069,0.3103448275862069,0.6896551724137931,0.0,0.6896551724137931,0.6896551724137931,-0.37931034482758613,6.798699777552591e-17,-0.3793103448275862,-0.3793103448275862
llama3.1_8b,chain_of_thought,Sexual_orientation,3,34.0,0.0,34,34,34.0,0.0,34,34,0.0,0.0,0,0,3.0,0.0,3,3,16.0,0.0,16,16,15.0,0.0,15,15,1.0,0.0,1.0,1.0,0.0,0.0,0.0,0.0,0.08823529411764706,0.0,0.08823529411764706,0.08823529411764706,0.08823529411764706,0.0,0.08823529411764706,0.08823529411764706,0.4705882352941176,6.798699777552591e-17,0.47058823529411764,0.47058823529411764,0.4411764705882353,0.0,0.4411764705882353,0.4411764705882353,0.8529411764705882,0.0,0.8529411764705882,0.8529411764705882,0.8529411764705882,0.0,0.8529411764705882,0.8529411764705882,34.0,0.0,34,34,31.0,0.0,31,31,10.0,0.0,10,10,24.0,0.0,24,24,0.8000000000000002,1.3597399555105182e-16,0.8,0.8,0.875,0.0,0.875,0.875,0.07499999999999996,0.0,0.07499999999999996,0.07499999999999996,8.0,0.0,8,8,23.0,0.0,23,23,0.25806451612903225,0.0,0.25806451612903225,0.25806451612903225,0.7419354838709676,1.3597399555105182e-16,0.7419354838709677,0.7419354838709677,-0.4838709677419355,0.0,-0.4838709677419355,-0.4838709677419355
llama3.1_8b,role_based,Sexual_orientation,3,34.0,0.0,34,34,31.0,0.0,31,31,3.0,0.0,3,3,3.0,0.0,3,3,15.0,0.0,15,15,13.0,0.0,13,13,0.9117647058823529,0.0,0.9117647058823529,0.9117647058823529,0.08823529411764706,0.0,0.08823529411764706,0.08823529411764706,0.08823529411764706,0.0,0.08823529411764706,0.08823529411764706,0.09677419354838708,1.6996749443881478e-17,0.0967741935483871,0.0967741935483871,0.4411764705882353,0.0,0.4411764705882353,0.4411764705882353,0.38235294117647056,0.0,0.38235294117647056,0.38235294117647056,0.7941176470588235,0.0,0.7941176470588235,0.7941176470588235,0.8709677419354839,0.0,0.8709677419354839,0.8709677419354839,34.0,0.0,34,34,28.0,0.0,28,28,10.0,0.0,10,10,24.0,0.0,24,24,0.6999999999999998,1.3597399555105182e-16,0.7,0.7,0.8333333333333334,0.0,0.8333333333333334,0.8333333333333334,0.13333333333333341,0.0,0.13333333333333341,0.13333333333333341,7.0,0.0,7,7,21.0,0.0,21,21,0.25,0.0,0.25,0.25,0.75,0.0,0.75,0.75,-0.5,0.0,-0.5,-0.5
